ticker,headline,published_at,url,scraped_at,sentiment_score
AAPL,Can Apple Stock's Premium Survive The Memory Squeeze On Its Margin?,"Fri, 11 Sep 2026 18:13:57 +0000",https://www.trefis.com/articles/615042/can-apple-stocks-premium-survive-the-memory-squeeze-on-its-margin/2026-09-11?.tsrc=rss,2026-09-12 01:45:02,0.5903717875480652
AAPL,"Apple Stock Has Returned Nearly 1,200% in 10 Years. How High Can AAPL Go From Here?","Fri, 11 Sep 2026 17:30:40 +0000",https://247wallst.com/investing/2026/09/11/apple-stock-has-returned-nearly-1200-in-10-years-how-high-can-aapl-go-from-here/?.tsrc=rss,2026-09-12 01:45:02,0.0
AAPL,"‘Apple and Microsoft Look Like Value Stocks’: Morningstar on SanDisk’s 2,107% Year","Fri, 11 Sep 2026 17:17:12 +0000",https://247wallst.com/investing/2026/09/11/apple-and-microsoft-look-like-value-stocks-morningstar-on-sandisks-2107-year/?.tsrc=rss,2026-09-12 01:45:02,0.0
AAPL,Apple’s $164 Billion Rally Hinges on iPhone Duo Adoption Among 6 Million Premium Buyers,"Fri, 11 Sep 2026 17:15:05 +0000",https://247wallst.com/investing/2026/09/11/apples-164-billion-rally-hinges-on-iphone-duo-adoption-among-6-million-premium-buyers/?.tsrc=rss,2026-09-12 01:45:02,0.0
AAPL,Bank of America resets Apple stock price target after iPhone Duo launch,"Fri, 11 Sep 2026 16:33:00 +0000",https://www.thestreet.com/investing/stocks/bank-of-america-cuts-apple-stock-price-target-after-iphone-duo-launch?.tsrc=rss,2026-09-12 01:45:02,0.0
AAPL,"Kalshi wants 24/7 perps on Tesla, Apple & Nvidia","Fri, 11 Sep 2026 16:08:39 +0000",http://videos.coindesk.com/previews/d0oTwPBl?.tsrc=rss,2026-09-12 01:45:02,0.0
AAPL,Should Qualcomm Stockholders Worry About Its Shrinking Revenue?,"Fri, 11 Sep 2026 17:52:26 +0000",https://www.trefis.com/articles/615044/should-qualcomm-stockholders-worry-about-its-shrinking-revenue/2026-09-11?.tsrc=rss,2026-09-12 01:45:02,-0.9602195024490356
AAPL,The Next Growth Cycle Could Take Qualcomm to New Highs,"Fri, 11 Sep 2026 16:00:52 +0000",https://247wallst.com/investing/2026/09/11/the-next-growth-cycle-could-take-qualcomm-to-new-highs/?.tsrc=rss,2026-09-12 01:45:02,0.0
AAPL,"Dow Jones Futures: $100 Oil, Surging Yields Pressure Stocks With Fed Rate Hike Seen. Apple Leads New Buys.","Fri, 11 Sep 2026 20:39:22 +0000",https://finance.yahoo.com/m/ff3ebbcf-fe39-3ccd-b655-37522db9df46/dow-jones-futures%3A-%24100-oil%2C.html?.tsrc=rss,2026-09-12 01:45:02,-0.45371800661087036
AAPL,How Far Could Alphabet Stock Move On You In A Year?,"Fri, 11 Sep 2026 19:34:14 +0000",https://www.trefis.com/articles/615032/how-far-could-alphabet-stock-move-on-you-in-a-year/2026-09-11?.tsrc=rss,2026-09-12 01:45:02,0.0
AAPL,Five Warning Signs the AI Stock Bubble Is in Its Final Stages,"Fri, 11 Sep 2026 19:27:00 +0000",https://finance.yahoo.com/m/e437ecfc-9279-3fdb-8900-1378f8955197/five-warning-signs-the-ai.html?.tsrc=rss,2026-09-12 01:45:02,-0.6173150539398193
AAPL,‘You Have a Marriage Problem’: Ramsey to Mom Secretly Paying for Her Own Teens,"Fri, 11 Sep 2026 19:26:46 +0000",https://247wallst.com/personal-finance/2026/09/11/you-have-a-marriage-problem-ramsey-to-mom-secretly-paying-for-her-own-teens/?.tsrc=rss,2026-09-12 01:45:02,0.0
AAPL,Why This Apple Supplier Is on Pace for Its Best 5-Day Stretch in 17 Years,"Fri, 11 Sep 2026 18:56:00 +0000",https://finance.yahoo.com/m/9d0059b8-7259-3baa-a15a-f16ea0ba2550/why-this-apple-supplier-is-on.html?.tsrc=rss,2026-09-12 01:45:02,0.5295175313949585
AAPL,Are Value ETFs the New AI Trade?,"Fri, 11 Sep 2026 18:08:00 +0000",https://finance.yahoo.com/markets/stocks/articles/value-etfs-ai-trade-180800898.html?.tsrc=rss,2026-09-12 01:45:02,0.0
