Date,Close,High,Low,Open,Volume,SMA_20,SMA_50,RSI,MACD,MACD_Signal
2023-01-02,185.47833251953125,188.85727205910348,180.61592748224206,180.61592748224206,991032,,,,0.0,0.0
2023-01-03,184.99069213867188,186.80379788425344,180.6983254593462,186.46040854990738,741967,,,,-0.03890008736200912,-0.007780017472401824
2023-01-04,185.6431427001953,188.85726188184933,184.7434643090762,186.117021664534,572134,,,,-0.01688671970518385,-0.00960135791895823
2023-01-05,190.58106994628906,191.9546272071632,187.1403023009767,187.1403023009767,948010,,,,0.39446138820102306,0.07121119130503804
2023-01-06,195.51214599609375,197.77852817369984,190.22396283265616,191.88595547074564,1293271,,,,1.1056095748560892,0.2780908680152483
2023-01-09,192.46286010742188,195.73193349293427,191.76922785827117,195.04515477892397,555598,,,,1.406929541089454,0.5038586026300895
2023-01-10,194.38583374023438,196.96810719597295,193.6715780802628,193.6715780802628,924757,,,,1.7803726586637367,0.759161413836819
2023-01-11,193.39688110351562,195.7319244312823,191.74861645796398,195.5258992101466,361431,,,,1.9737763420544638,1.002084399480348
2023-01-12,191.94090270996094,195.04513463145503,191.61124141611253,193.67845183857142,542972,,,,1.9866638421818266,1.1990002880206438
2023-01-13,191.04122924804688,192.17440984631446,189.55778482603745,191.6043718210554,165391,,,,1.9023520194829757,1.3396706343131104
2023-01-16,188.21170043945312,191.26787413683857,187.49059116465685,190.92448477573114,357099,,,,1.5888991250079414,1.3895163324520765
2023-01-17,181.85899353027344,189.54404895099532,178.9470585146099,187.66228199753232,1511737,,,,0.8184406180629082,1.2753011895742428
2023-01-18,185.12806701660156,186.04834797108217,182.33974713634484,183.71330455356775,523941,,,,0.4662588680203328,1.1134927252634608
2023-01-19,183.6033935546875,186.46039512581737,183.02650202957764,186.46039512581737,450886,,,47.184940407133915,0.0633931310761966,0.9034728064260079
2023-01-20,182.6007080078125,184.4000646897349,180.62278217281295,182.8204822025504,267729,,,45.80577780861743,-0.3329511580874396,0.6561880135233185
2023-01-23,181.467529296875,182.99217873034866,180.1077000317268,182.99217873034866,270369,,,44.95973357712354,-0.7300790178991292,0.37893460723882894
2023-01-24,187.57298278808594,188.1773513575361,181.9894689728615,181.9963434662302,1494429,,,52.388228691676524,-0.545854367251593,0.19397681234074454
2023-01-25,196.52171325683594,198.80869797684042,188.86413523803978,188.86413523803978,2632053,,,56.68780924542913,0.3185605886517635,0.21889356760294834
2023-01-26,203.78782653808594,205.69019576172533,196.41868443356742,197.97081081458518,3213854,,,58.851183013718845,1.5718114216825825,0.4894771384188752
2023-01-27,198.9116973876953,203.78782983842228,198.24552128016023,203.7672273179344,1226246,189.75488510131837,,56.637904523590166,2.1468117555452864,0.8209440618441575
2023-01-30,195.9310760498047,201.56264809187383,195.31983302500387,198.41033677843373,1378169,190.27752227783202,,51.556652599729276,2.3350751382493513,1.1237702771251963
2023-01-31,204.7698974609375,205.96488544557604,196.4186676768228,196.4186676768228,3039370,191.2664825439453,,59.892440865038765,3.1610555633272384,1.5312273343656049
2023-02-01,204.26170349121094,208.0595883677038,203.2864686427333,206.0335830838513,1517467,192.1974105834961,,60.89650094625917,3.7316281088849905,1.9713074892694822
2023-02-02,209.96197509765625,210.94406356221,202.70271955098522,204.66004294541543,3925013,193.16645584106445,,65.42380479475227,4.590854725902943,2.4952169365961745
2023-02-03,206.1297607421875,212.07724559990268,204.7287263823761,211.5278310456505,1863597,193.69733657836915,,64.3714997650192,4.906016830812348,2.977376915439409
2023-02-06,205.53912353515625,207.7505517341169,203.45818496275086,207.37283184176556,767179,194.35114974975585,,70.92742171471785,5.0499133257695235,3.391884197505432
2023-02-07,203.25901794433594,207.05690331251373,202.25632691198624,206.026735263726,648750,194.79480895996093,,66.30838176406064,4.923215110006481,3.698150380005642
2023-02-08,203.80157470703125,204.6600480630002,200.60805801459114,203.25901367758865,724298,195.3150436401367,,68.49456776876131,4.811125992002502,3.9207455024050146
2023-02-09,204.91415405273438,207.92224806351405,204.31665994680571,204.6257187403382,823183,195.96370620727538,,70.39038529862721,4.757232004140889,4.08804280275219
2023-02-10,201.93353271484375,204.66004488947587,199.54353538371024,202.61343689540527,1562145,196.50832138061523,,68.09131903717268,4.423023536507202,4.155038949503192
2023-02-13,204.87294006347656,205.69020834428812,202.11209739982408,202.80572959332716,1115107,197.3413833618164,,66.19937098255542,4.345257106354552,4.1930825808734635
2023-02-14,204.4540252685547,207.33848320356392,203.28649310704606,206.0336078787629,1295046,198.47113494873048,,58.83976961083057,4.201392687621734,4.194744602223118
2023-02-15,204.87982177734375,205.8550357704284,202.5310294592046,203.2933646960511,719230,199.45872268676757,,51.43582053737989,4.074765953559307,4.170748872490355
2023-02-16,206.0473175048828,206.7203681090178,201.77555357803135,202.53101426454603,4766028,200.58091888427734,,60.396250911483804,4.02225445694873,4.14104998938203
2023-02-17,206.7753143310547,209.31640381311496,206.03360258363523,206.02672809005944,2956097,201.78964920043944,,66.9094511794702,3.9933491342624166,4.111509818358108
2023-02-20,206.04046630859375,207.3384670384438,205.8618971555311,207.05688528123764,2095992,203.0182960510254,,52.65125608940682,3.866573906613695,4.062522636009225
2023-02-21,205.9923858642578,207.06375886026194,205.35368676256698,207.06375886026194,711588,203.93926620483398,,53.68206384122541,3.719349588461995,3.9938880264997794
2023-02-22,205.63528442382812,206.0336068418405,204.38534217887025,205.99240179717793,374890,204.3949447631836,,38.086226687484135,3.533130425562831,3.90173650631239
2023-02-23,205.08584594726562,205.51164537520305,203.97326783973315,204.98970783070976,751082,204.45984573364257,,46.49117948149835,3.303138776436697,3.782016960337251
2023-02-24,205.34681701660156,205.6902063427163,203.9732597121427,205.6902063427163,1365940,204.7816017150879,,49.3389672090391,3.1061214867671367,3.6468378656232283
2023-02-27,205.0102996826172,205.1682453570574,204.31664654550556,204.32352103876676,338880,205.2355628967285,,56.94824834787494,2.8895211279131274,3.4953745180812086
2023-02-28,206.12289428710938,206.72038840183595,204.1106377291292,204.1106377291292,1515599,205.3032127380371,,58.81132538829373,2.7756449618996726,3.3514286068449017
2023-03-01,205.60093688964844,206.37012568331977,204.0488103146042,206.03361082579426,2570020,205.37017440795898,,52.72928372447265,2.613156834748054,3.203774252425532
2023-03-02,209.1103515625,209.398786831891,205.69018665655827,206.3357602045732,3611311,205.32759323120118,,77.3704277873214,2.736025064190102,3.1102244147784464
2023-03-03,207.0156707763672,210.14052601801444,206.37697170105307,209.11035810602917,948551,205.37188873291015,,58.73456805481606,2.6340125309367863,3.0149820380101144
2023-03-06,206.09539794921875,207.33161206683408,205.35368624570603,207.01567880455625,338169,205.3997024536133,,56.428101048273646,2.450658867322659,2.9021174038726234
2023-03-07,205.98553466796875,206.6448573237872,205.55286072472012,206.03361420806817,1733572,205.53602828979493,,54.440174312871015,2.2703139532537477,2.7757567137488484
2023-03-08,205.82069396972656,206.3769829959384,205.34681502757266,206.3769829959384,1109791,205.6369842529297,,49.010254646845105,2.0899958713941373,2.6386045452779063
2023-03-09,205.75201416015625,206.03359592297622,205.38114781902496,206.03359592297622,476593,205.6788772583008,,45.25778371765771,1.9194246729184954,2.4947685708060243
2023-03-10,205.0102996826172,205.9923881132063,205.003425189356,205.75888588935567,1255969,205.83271560668945,199.0450765991211,45.22899927212082,1.7047443776376667,2.336763732172353
2023-03-13,204.8660430908203,205.607775697998,204.24794655738495,205.01028168371653,8030821,205.83237075805664,199.43283081054688,44.829639217861754,1.5056126303923918,2.1705335118163607
2023-03-14,204.72183227539062,205.33992882941286,204.31663541265584,205.33992882941286,5990723,205.84576110839845,199.82745361328125,45.723303509428675,1.3209357533381194,2.0006139601207122
2023-03-15,202.5928192138672,205.00341888649064,202.2631788885992,205.00341888649064,3624039,205.7314109802246,200.16644714355468,39.83184072790187,0.9913566937200642,1.7987625068405828
2023-03-16,201.3566436767578,203.93893823077963,200.88963920259448,203.93893823077963,426059,205.49687728881835,200.38195861816405,34.92475637483915,0.62322967603086,1.5636559406786383
2023-03-17,200.6423797607422,202.53102106099684,199.8663165275898,202.53102106099684,1037787,205.19023056030272,200.48456329345703,33.95555515698284,0.27073042185114105,1.305070836913139
2023-03-20,197.00245666503906,201.22614110046905,195.72503749871552,201.22614110046905,2458246,204.738330078125,200.57535522460938,21.744572909408404,-0.29889369001932664,0.9842779315266458
2023-03-21,197.49867248535156,198.13960598918504,195.72747165540363,197.7950153700734,294796,204.3136444091797,200.6376119995117,24.858808957440033,-0.7021900234538805,0.6469843405305407
2023-03-22,195.71371459960938,199.03555250585913,195.00385869662134,197.44354537360297,188312,203.81756591796875,200.6839486694336,3.4485610847060713,-1.1525505716062696,0.2870773581031787
2023-03-23,195.71371459960938,195.7137145996094,195.7137145996094,195.7137145996094,0,203.34895935058594,200.75940490722655,4.036116541003452,-1.4922626754680266,-0.06879064861106235
2023-03-24,195.74124145507812,195.94800843922468,192.28155932129812,195.71368934957187,284841,202.86868057250976,200.85340515136718,4.593572424647149,-1.739217165231537,-0.40287595193515724
2023-03-27,194.54898071289062,196.38220535949935,193.6599310124811,195.899770072234,51501,202.34561462402343,200.98015075683594,4.195298195694207,-2.007989007981621,-0.72389856314445
2023-03-28,194.4524688720703,195.72745828209665,193.90113233201933,195.0313785487661,144428,201.7620933532715,201.23202026367187,4.218386679710349,-2.203381122703348,-1.0197950750562297
2023-03-29,192.97764587402344,195.58275012171075,192.39873615588652,194.3491098122713,107502,201.13092880249025,201.3890118408203,3.789236158259456,-2.44900605433574,-1.3056372709121318
2023-03-30,192.96385192871094,194.68680505792088,192.3022438160943,192.98452652497576,5429492,200.32360382080077,201.5762210083008,3.999888128056071,-2.6146387108893236,-1.5674375589075704
2023-03-31,190.75157165527344,194.3421998175315,189.86942056074147,194.3421998175315,2024645,199.5103988647461,201.73923828125,3.454321121839186,-2.891089632156934,-1.8321679735574432
2023-04-03,189.33876037597656,192.9707377615608,186.80255755239725,192.9707377615608,246609,198.67256698608398,201.89666290283202,3.187613589612866,-3.1874382379696726,-2.103222026439889
2023-04-04,187.5606689453125,191.5923833774903,186.07893349612368,191.58548483485308,257312,197.75132369995117,201.89641662597657,3.2571800018030075,-3.5251381630557717,-2.387605253763066
2023-04-05,186.7750244140625,188.2154107576238,186.16854152579597,188.14648842356743,63513,196.79904022216797,201.7014828491211,3.351072813879952,-3.812217859983008,-2.6725277750070546
2023-04-06,191.7577667236328,192.2815511559915,187.11269225394872,188.28430868460137,269441,196.0993278503418,201.46088165283203,27.6741400359507,-3.5962100552738434,-2.8572642310604124
2023-04-07,188.7943115234375,192.41941159446543,188.14647947198821,192.28156693291103,110822,195.2885284423828,201.25853393554686,28.64810367753587,-3.62239170510108,-3.010289725868546
2023-04-10,188.82186889648438,190.21400732052044,188.31875905917468,190.21400732052044,57081,194.486319732666,201.11634979248046,26.86488830809114,-3.5994252675990026,-3.1281168342146377
2023-04-11,187.7398681640625,190.21402634520274,187.45730132570705,189.52484509032882,46844,193.6372215270996,200.77574920654297,27.911170250538504,-3.626725977354937,-3.227838662842698
2023-04-12,187.38836669921875,190.04171856282517,187.11269842178436,190.04171856282517,106528,192.8769989013672,200.43828247070311,27.37800266682588,-3.634825214645815,-3.3092359732033216
2023-04-13,186.8577117919922,188.84255711586073,186.49244657837346,188.14647733754987,88447,192.1520523071289,199.97619720458985,26.50373193661156,-3.6420797069499713,-3.3758047199526517
2023-04-14,186.8577117919922,186.8577117919922,186.8577117919922,186.8577117919922,0,191.46281890869142,199.59075622558595,28.28781019413921,-3.6062582441460904,-3.4218954247913396
2023-04-17,190.06930541992188,192.28157137360745,186.69919896600962,188.14648381718578,1820787,191.11616134643555,199.28135986328124,39.47718356088108,-3.280900532380599,-3.3936964463091916
2023-04-18,196.52003479003906,198.13961497978067,188.1602626259231,191.69576590357482,1005904,191.0672294616699,199.1465802001953,56.86433481409992,-2.4740133664879522,-3.209759830344944
2023-04-19,201.69577026367188,202.54347070177704,196.7543318607071,197.79500219137188,4278855,191.36633224487304,199.10446411132813,64.09975021053964,-1.4007637444134957,-2.8479606131586546
2023-04-20,213.3773956298828,216.81642435171744,205.44493378465683,206.7543739465565,5244073,192.24951629638673,199.2737289428711,77.97861195852511,0.38793201428177326,-2.2007820876705693
2023-04-21,213.3773956298828,213.3773956298828,213.3773956298828,213.3773956298828,0,193.13132400512694,199.5026062011719,80.80191545621128,1.7849109475697276,-1.40364348062251
2023-04-24,213.3773956298828,213.3773956298828,213.3773956298828,213.3773956298828,0,194.07274475097657,199.6726953125,84.6596139829472,2.8590692463272944,-0.5511009352325492
2023-04-25,213.3773956298828,213.3773956298828,213.3773956298828,213.3773956298828,0,195.01899108886718,199.85116271972657,86.48398998026606,3.6680642753102575,0.29273210687601214
2023-04-26,210.47596740722656,217.64344880912125,209.8626069793832,217.02318983790676,1359710,195.89390716552734,199.9630856323242,77.22545856777357,4.028638023557249,1.0399132902122596
2023-04-27,211.21336364746094,212.6124006451042,209.1802706903482,210.88944764149718,748301,196.80638275146484,200.06640655517577,84.86609140876803,4.324052050338651,1.696741042237538
2023-04-28,243.60044860839844,246.10517754253067,241.8407983402743,243.33888976106562,1526632,199.4488265991211,200.80290924072267,92.45759703063904,7.0898099650673885,2.7753548268035084
2023-05-01,243.60044860839844,243.60044860839844,243.60044860839844,243.60044860839844,0,202.1619110107422,201.55410888671875,94.03481186614418,9.175918759056373,4.0554676132540814
2023-05-02,247.42764282226562,252.41209947294155,243.60044463097054,247.40030688412864,820629,205.15525970458984,202.3828140258789,94.87009485962636,11.011068848227353,5.446587860248736
2023-05-03,247.94705200195312,248.76715794994107,246.03345291752413,248.76715794994107,376823,208.21386108398437,203.2290493774414,95.66253110567042,12.364816586575984,6.830233605514186
2023-05-04,243.40908813476562,249.4505806188698,243.2906231356757,247.85591937290442,499718,210.79642715454102,203.9955142211914,89.58508277815719,12.92253275016094,8.048693434443537
2023-05-05,246.1063232421875,246.94467163262834,241.53193380093066,243.52754056760122,355874,213.66202774047852,204.81070434570313,89.50954247173449,13.4273885820499,9.12443246396481
2023-05-08,243.4273223876953,246.85354695307868,243.02637677759444,246.85354695307868,245591,216.39230041503907,205.57904479980468,84.93032606013062,13.456202757307693,9.990786522633387
2023-05-09,239.7823944091797,243.75536571338574,238.74357314731614,243.75536571338574,267716,218.99442672729492,206.2522348022461,79.02356983007797,13.034667440408043,10.599562706188319
2023-05-10,238.3244171142578,241.2403525199272,237.83234241248948,238.30617461613065,100092,221.54122924804688,206.90670440673827,72.51958256910304,12.439555627966882,10.967561290544031
2023-05-11,240.58425903320312,241.46815811151149,238.32441398995476,239.64568807860238,165501,224.22755661010743,207.53618255615234,73.5968068732688,12.011810906591592,11.176411213753545
2023-05-12,241.37705993652344,244.21098752568574,240.56604741336207,241.4590677520084,296761,226.953524017334,208.22341033935547,73.9549804807847,11.603039918809259,11.261736954764688
2023-05-15,246.36146545410156,247.40028663565693,239.66391088052507,242.26090821704648,586473,229.76813201904298,209.02873168945314,76.0017369422599,11.54816576831584,11.319022717474919
2023-05-16,248.88560485839844,251.04522722762786,246.94466997708585,247.40028744936828,832473,232.38641052246095,209.8867330932617,80.4599656728309,11.5749260214821,11.370203378276356
2023-05-17,249.5781707763672,253.70606426823946,249.22277577353015,249.4050338993982,743418,234.7805305480957,210.76188262939453,80.44606213608598,11.519231466604396,11.400008995941963
2023-05-18,244.72125244140625,251.13635418393437,244.21096310141138,251.13635418393437,199082,236.34772338867188,211.54126739501953,51.579737006575485,10.956876361656526,11.311382469084876
2023-05-19,246.47084045410156,246.84445012241255,244.2109677562755,245.94230860773618,152754,238.0023956298828,212.37047821044922,53.855569356141196,10.530988341850787,11.155303643638058
2023-05-22,247.7556915283203,248.7671490057796,246.03344407165014,246.84445655027716,325714,239.7213104248047,213.22827117919923,50.47294309679946,10.17979937109331,10.96020278912911
2023-05-23,249.1589813232422,251.50086196562987,246.580198488909,247.66457037207883,682835,241.51038970947266,214.11701416015626,51.70379879021169,9.90058555290284,10.748279341883856
2023-05-24,248.3024139404297,249.76951673729266,247.85591769336423,249.67838767640367,160692,243.4017120361328,215.0312060546875,57.673612157983726,9.500670940558877,10.49875766161886
2023-05-25,249.06785583496094,249.67839553431557,247.17249922877042,248.76716051411734,552665,245.2944366455078,215.98543029785156,54.943745526514874,9.140138663892344,10.227033862073558
2023-05-26,252.7218780517578,255.21865272190342,248.8855869968861,248.8855869968861,1976285,245.7505081176758,217.0270202636719,65.0264399902509,9.044998183355148,9.990626726329875
2023-05-29,255.8839111328125,260.6132232479154,252.7948387863001,254.2345779236657,658136,246.36468124389648,218.20464935302735,76.4440982815317,9.119622973635444,9.816425975790988
2023-05-30,257.1231994628906,258.4718095035002,255.1549284701426,255.1549284701426,330322,246.84945907592774,219.39713989257814,81.09729286300245,9.173022969859716,9.687745374604734
2023-05-31,257.7792663574219,259.2463412673926,256.5126364385624,256.96825391003415,527696,247.34106979370117,220.63845092773437,80.03811767967288,9.162660520085126,9.582728403700813
2023-06-01,256.2484130859375,258.77255209475095,256.057061502564,258.77255209475095,50143,247.98303604125977,221.84914489746095,75.32584704119608,8.928004658632375,9.451783654687127
2023-06-02,250.09751892089844,258.1072813519312,249.68747990757842,258.1072813519312,580266,248.1825958251953,222.93627044677734,56.11935702839068,8.151744210896965,9.191775765929094
2023-06-05,248.65780639648438,250.58962010939265,247.17248892608276,248.32974734237052,165913,248.44412002563476,224.0184469604492,49.61314152712829,7.335816716155023,8.82058395597428
2023-06-06,253.3050994873047,255.0546550051472,247.9470335726303,248.58488134757314,481397,249.12025527954103,225.1954995727539,55.57976583295792,6.983682467221456,8.453203658223716
2023-06-07,251.36416625976562,254.14342173092325,250.77186910461378,252.00201403889696,209752,249.7722427368164,226.36322998046876,60.89686983127686,6.473375405407438,8.05723800766046
2023-06-08,248.73069763183594,254.12522106371603,248.31153731857407,251.09079294306932,315136,250.17956466674804,227.47856689453124,53.60254690058662,5.789714250984332,7.603733256325235
2023-06-09,249.00405883789062,251.38236858985147,246.95378030329718,250.31623932472502,266124,250.5609146118164,228.6436166381836,52.0563997408041,5.209909234742838,7.124968452008757
2023-06-12,247.67367553710938,250.58963882141512,247.0358276871397,247.94706273739936,149442,250.62652511596679,229.81031494140626,47.54740731819531,4.590146417571191,6.6180040451212445
2023-06-13,244.90353393554688,249.22277905028974,244.21098641856545,248.99497029430228,215038,250.42742156982422,230.95717224121094,44.72123492612539,3.8312879411146525,6.0606608243199265
2023-06-14,246.39794921875,247.12695393585685,243.29975564493384,243.29975564493384,323172,250.26841049194337,232.14963073730468,45.94520940308199,3.3122919158716115,5.510987042630264
2023-06-15,244.5116729736328,246.9446826361648,243.93761828842352,246.48906514052612,176753,250.2579315185547,233.2047088623047,36.82366677735428,2.7174520028555946,4.95228003467533
2023-06-16,242.798583984375,246.58020378339117,242.38851709889116,246.58020378339117,292616,250.07431869506837,234.28479431152343,27.97541020657235,2.0837845504623544,4.378580937832735
2023-06-19,237.6500701904297,245.11308685515849,236.921093334413,245.02198560466977,710052,249.56903762817382,235.26135833740236,21.035406412745417,1.152866961173288,3.7334381425008463
2023-06-20,237.88699340820312,239.36318957524404,236.92108658757923,237.01221564415735,357803,249.00543823242188,236.26430084228517,20.038381099032435,0.4292773463540982,3.072605983271497
2023-06-21,235.48133850097656,239.65478216754153,235.09860760161868,239.65478216754153,152451,248.36438446044923,237.22616027832032,19.523879687273975,-0.3344337387257781,2.3911980388720417
2023-06-22,233.1394805908203,236.9119790348199,232.41048980907914,236.9119790348199,109143,247.56796569824218,238.15179565429688,21.981321586969287,-1.1157865447840152,1.6898011221408304
2023-06-23,232.5927276611328,235.18975290488433,231.81817236967223,233.0027806195298,125104,246.56150817871094,239.0664959716797,22.649658575665896,-1.7588576488242609,1.000069367947812
2023-06-26,240.36557006835938,244.21098292679287,233.27616279574244,233.27616279574244,468268,245.78559112548828,240.07242126464843,30.089731856288154,-1.6225885195177625,0.47553779045469724
2023-06-27,236.8208770751953,241.45905987986907,236.0098645784749,241.45905987986907,268626,244.7704750061035,240.87843811035157,28.674511818518255,-1.7801014516295481,0.024409942037848187
2023-06-28,236.8208770751953,236.8208770751953,236.8208770751953,236.8208770751953,0,243.7225555419922,241.58094024658203,31.07443731681154,-1.8832229630945676,-0.357116638988635
2023-06-29,236.8208770751953,236.8208770751953,236.8208770751953,236.8208770751953,0,242.75117874145508,242.04980987548828,30.4703769600263,-1.9425549397342081,-0.6742042991377497
2023-06-30,236.8208770751953,236.8208770751953,236.8208770751953,236.8208770751953,0,242.08734664916992,242.51867950439453,31.82790226374196,-1.9669027283865432,-0.9327439849875085
2023-07-03,251.30035400390625,254.58080513246583,245.12218263206975,254.58080513246583,927487,242.219474029541,243.277138671875,57.693942512821344,-0.808505796654174,-0.9078963473208417
2023-07-04,244.06517028808594,251.4917297093419,243.29973625264782,251.4917297093419,535836,241.7574775695801,243.89089416503907,47.53464742689378,-0.4688817642608569,-0.8200934307088448
2023-07-05,241.11276245117188,246.48904285182263,240.56601594410787,246.02430414951584,382369,241.2449073791504,244.50363006591797,46.48708815531874,-0.4329708909514238,-0.7426689227573606
2023-07-06,249.06785583496094,250.5896305545138,241.46815910355,242.2062572452157,2355328,241.26176528930665,245.26071990966796,55.73905228525365,0.23469289386341075,-0.5471965594332063
2023-07-07,246.9811248779297,251.39149863180728,246.5346008493162,250.1248687224041,548904,241.1606185913086,245.3283334350586,59.04915238185434,0.5886538695093861,-0.32002647364468784
2023-07-10,244.99461364746094,249.58724555074858,244.21096494394325,246.94466977540532,436660,241.02666549682618,245.35621673583984,56.6666599876744,0.7007972836731824,-0.11586172218111379
2023-07-11,243.69155883789062,246.89912369674357,242.84411699862127,245.1222044001093,559167,240.96606674194337,245.28149505615235,57.86350200407391,0.6767252468993377,0.04265567163497651
2023-07-12,243.26329040527344,245.53228448935312,241.8326725746326,245.13133886038665,744300,240.80933380126953,245.18781982421876,60.065227047652336,0.6159895568318632,0.15732244867435385
2023-07-13,241.14926147460938,246.0334680854695,240.57517893301997,245.0311039500505,628557,240.64121322631837,245.14262329101564,58.249918716171585,0.3927443059643849,0.20440682013236008
2023-07-14,238.051025390625,241.56840699383446,237.4222710082985,239.691265095745,486507,240.40383529663086,244.98151733398439,47.547304049181335,-0.03379139649709373,0.15676717680646934
2023-07-17,235.06216430664062,238.6433388616383,234.64300400824197,237.83232639282002,482631,240.2744400024414,244.81421417236328,48.11409636026929,-0.6060143678432155,0.004210867876532368
2023-07-18,233.62242126464844,236.55659892019392,233.09390332437124,235.107738684663,361372,240.06121139526368,244.69101470947265,46.672960530868615,-1.1622823587964604,-0.2290877774580662
2023-07-19,231.5447998046875,235.09861044738815,231.22586201947576,235.09861044738815,465528,239.86438446044923,244.55542236328125,44.739201969864745,-1.7505956606650273,-0.5333893540994584
2023-07-20,235.7364959716797,238.01458337840762,231.45368052355752,232.63828875592446,547952,239.99423522949218,244.45846710205078,49.00216903901799,-1.8571947566633185,-0.7981504346122305
2023-07-21,234.5883331298828,237.36758866761485,234.18738751799773,235.55423997432845,470248,240.0940155029297,244.32269256591798,29.622270026565275,-2.0111392921140236,-1.040748206112589
2023-07-24,233.85023498535156,236.00985741656928,233.53129718386256,234.64300496048875,413657,239.76824874877929,244.07246795654297,35.19939864252393,-2.1677117654113545,-1.2661409179723422
2023-07-25,234.761474609375,235.82760397338672,233.27615712827026,234.64300961144372,388468,239.66527862548827,243.7899853515625,40.21896060682965,-2.1929877586377415,-1.4515102861054223
2023-07-26,233.85934448242188,236.0189668051187,233.3581485885001,236.0189668051187,251652,239.5172019958496,243.4756088256836,20.078928550629,-2.2597643701972743,-1.6131611029237929
2023-07-27,233.85934448242188,233.85934448242188,233.85934448242188,233.85934448242188,0,239.36912536621094,243.2583706665039,21.875051102138215,-2.2863299277416615,-1.7477948678873667
2023-07-28,233.85934448242188,233.85934448242188,233.85934448242188,233.85934448242188,0,239.22104873657227,243.0061407470703,23.91126065609285,-2.2810883568406553,-1.8544535656780243
2023-07-31,231.3807830810547,234.14183784607735,230.99806606024518,232.3375825852496,707439,238.22507019042968,242.678642578125,22.66294672656339,-2.4487064018923377,-1.9733041329208871
2023-08-01,235.49957275390625,238.2606136579012,231.68149592575458,232.17355670184548,1325336,237.7967903137207,242.40545440673827,35.18779770517021,-2.223561176655295,-2.023355541667769
2023-08-02,241.1947784423828,245.89675406883234,235.09861447037494,235.09861447037494,1944189,237.80089111328124,242.26330169677735,50.07640063128487,-1.5675072139084136,-1.9321858761158979
2023-08-03,240.6298065185547,243.97402302593352,239.29938354340112,242.2973541483587,980915,237.37898864746094,242.09454071044922,54.730826357121224,-1.0807104767464466,-1.7618907962420078
2023-08-04,236.61126708984375,241.0216408480939,236.11007118925963,239.7459174979692,755409,236.86049575805663,241.77232849121094,52.73840543354534,-1.007568480670642,-1.6110263331277348
2023-08-07,235.98252868652344,238.0145927444139,233.45841775167003,236.82997056108934,528668,236.40989151000977,241.37430084228515,54.29520360784662,-0.9889370061676175,-1.4866084677357114
2023-08-08,239.74594116210938,242.38851717863545,236.55661856765363,236.92110701671135,909115,236.2126106262207,241.02675567626954,64.06253270538986,-0.6628545194741378,-1.3218576780833966
2023-08-09,241.40438842773438,243.7553624918341,238.743569992002,239.75502749379916,456664,236.11966552734376,240.69925811767578,60.643411017082705,-0.26752510250520345,-1.110991162967758
2023-08-10,241.99667358398438,245.02198030755025,241.02164550841061,241.4863842340677,883914,236.1620361328125,240.4142233276367,64.20832623667658,0.09250246003460916,-0.8702924383672846
2023-08-11,246.99021911621094,248.22039184571585,240.73916078223832,243.70979558244247,2209686,236.6089958190918,240.35207733154297,71.66464731442925,0.7718666901219535,-0.5418606126694371
2023-08-14,246.99021911621094,246.99021911621094,246.99021911621094,246.99021911621094,0,237.2053985595703,240.3187255859375,70.78684267452121,1.2953359109582436,-0.17442130794390093
2023-08-15,248.60311889648438,250.5896043587718,246.94466465900783,248.3115170464193,1077568,237.9544334411621,240.2246859741211,74.47067261375942,1.8193640760117944,0.2243357688472382
2023-08-16,245.18600463867188,249.66017176211213,243.308862790051,249.66017176211213,610456,238.63649368286133,240.1011227416992,66.88403733528884,1.9366036482822437,0.5667893447342394
2023-08-17,234.6248016357422,242.38851395117163,229.85903249692873,229.85903249692873,2861091,238.58090896606444,239.81900482177736,50.8677921699596,1.1638993283370098,0.6862113414547935
2023-08-18,233.82290649414062,236.9210999315079,233.27615993256163,235.96431430525863,451113,238.54263763427736,239.51538177490235,52.87802657005091,0.48127155265859756,0.6452233836955543
2023-08-21,231.362548828125,234.09625368503552,230.26906966622917,233.75910120207266,361558,238.41825332641602,239.18915924072266,44.92621486841139,-0.2553032028133373,0.46511806639377606
2023-08-22,230.50601196289062,231.90930774647126,229.72234930588405,230.53334790057227,160829,238.2054801940918,238.90120880126952,35.1255465121958,-0.8978099753776974,0.19253245803948138
2023-08-23,230.4422149658203,231.45368635606974,229.13915561041972,231.42635041884753,209287,238.0346237182617,238.58209411621092,35.62243201571154,-1.3960562388296864,-0.1251852813343522
2023-08-24,232.5289306640625,236.00985488901946,231.45368008421215,231.45368008421215,884113,237.96810302734374,238.34243927001953,43.90640544884059,-1.6040489965026268,-0.42095802436800717
2023-08-25,236.64353942871094,237.39666149966715,232.52894794607445,233.97089502692347,983902,238.1073127746582,238.21933837890626,50.89367274743719,-1.4204956260293784,-0.6208655447002815
2023-08-28,236.73536682128906,237.05679604062664,234.67807126722667,236.95578183531683,665925,238.37504196166992,238.20104431152345,45.48114251162919,-1.2531727588600177,-0.7473269875322288
2023-08-29,234.25559997558594,236.95579617425912,231.44519626322983,234.93524567638443,412431,238.3128433227539,238.1284164428711,39.52790254060175,-1.3056143320015394,-0.858984456426091
2023-08-30,232.6299591064453,237.32315372340406,232.17993576874304,234.20048618000914,958579,237.88460235595704,238.07138885498046,36.682109472527735,-1.4615029918928428,-0.9794881635194415
2023-08-31,226.0723419189453,234.20048189631262,217.22783913226775,232.36361537163566,668519,237.15672912597657,237.93004608154297,21.52479128723928,-2.09009743848128,-1.201610018511809
2023-09-01,226.06317138671875,229.50729625387697,225.50292651442714,227.66125037018494,221005,236.62932434082032,237.7994549560547,21.519418441465987,-2.559498743211293,-1.4731877634517059
2023-09-04,232.56565856933594,234.14536481175173,226.84382359471067,226.84382359471067,757480,236.45848083496094,237.64345672607422,30.73751338345953,-2.3793782951048286,-1.6544258697823304
2023-09-05,233.36471557617188,233.73209730742317,230.5726844895625,233.23613547377894,181730,236.13941955566406,237.57433349609374,34.848650788311375,-2.147400424446431,-1.7530207807151506
2023-09-06,233.2728729248047,233.96169788212495,231.21557734050347,233.2820522124643,208044,235.73284378051758,237.50337341308594,47.63162903291341,-1.9485060600858333,-1.7921178365892874
2023-09-07,234.6505126953125,235.11890860093646,231.5370245833907,232.34523630206468,339404,235.36553573608398,237.45996612548828,51.42117034968788,-1.6605747552034131,-1.7658092203121127
2023-09-08,232.93304443359375,238.7926532557138,232.3727995711574,234.8893118082646,630125,234.6626770019531,237.38220947265626,52.76747350136862,-1.5530696368690826,-1.7232613036235067
2023-09-11,228.8000946044922,234.200486784291,228.5062032417834,232.36362022127696,271621,233.7531707763672,236.93220428466796,47.305078020858595,-1.7808371842349686,-1.7347764797457992
2023-09-12,227.82656860351562,230.52676482420344,227.58778098386244,227.81738931536066,100529,232.71434326171874,236.60743225097656,45.98338326601442,-2.016653294821907,-1.791151842761021
2023-09-13,226.9173126220703,228.45109448691468,225.01614904415644,228.36842484261192,62328,231.80090866088867,236.32352325439453,41.05942168719219,-2.2509609435757625,-1.8831136629239693
2023-09-14,226.86221313476562,227.90922657656694,226.5775010430571,226.58669434548676,58820,231.41277923583985,235.8794104003906,32.10079171792795,-2.413278736389259,-1.9891466776170275
2023-09-15,226.92649841308594,229.14910528768172,226.21930085756645,227.6704271338754,369702,231.0679588317871,235.47831787109374,32.032279812036506,-2.507820873953847,-2.0928815168843915
2023-09-18,225.7968292236328,227.70715812819083,224.83247146940835,226.85302189805304,267197,230.7896728515625,235.09436218261717,33.69909514237423,-2.643429254692137,-2.202991064445941
2023-09-19,226.38462829589844,226.94487316732202,225.94377022337568,226.7611752966809,83650,230.5836036682129,234.74822357177734,37.4631362406133,-2.6726606326431863,-2.29692497808539
2023-09-20,225.61312866210938,226.89894365712192,225.2457609573513,226.38462326478876,114337,230.34214935302734,234.39522033691406,48.79923840713459,-2.7266491686889935,-2.382869816206111
2023-09-21,226.11827087402344,227.75308099230745,225.47537038045888,227.75308099230745,171185,230.0216163635254,234.09460052490235,50.140432942589335,-2.6975787094418138,-2.445811594853252
2023-09-22,224.57528686523438,226.76114832119845,220.8831815286034,226.6233889487854,294609,229.41820373535157,233.82508575439454,22.74439671011335,-2.7671481143288474,-2.5100788987483713
2023-09-25,223.19766235351562,225.92541034953993,222.9496814409189,225.03452893593308,196080,228.7413185119629,233.58779571533202,16.63648981831801,-2.9000155793281124,-2.5880662348643195
2023-09-26,221.52609252929688,225.00696232296173,221.34240868592028,224.09770837910602,167518,228.10484313964844,233.345869140625,15.07367385696412,-3.1044100113383877,-2.6913349901591332
2023-09-27,220.65359497070312,222.7108905578864,219.72598240531704,222.7108905578864,303109,227.50602493286132,233.12804504394532,7.094600283260149,-3.2987711520737264,-2.812822222542052
2023-09-28,220.65359497070312,220.65359497070312,220.65359497070312,220.65359497070312,0,227.2350875854492,232.82638702392578,7.929520945687386,-3.413455565446725,-2.932948891122987
2023-09-29,220.65359497070312,220.65359497070312,220.65359497070312,220.65359497070312,0,226.96460876464843,232.5476922607422,11.062343834099849,-3.464408247542991,-3.039240762406988
2023-10-02,227.4867401123047,229.24095103084434,223.17928581056455,223.17928581056455,959073,226.71066284179688,232.42042236328126,48.95889527246549,-2.9197538048690888,-3.0153433708994086
2023-10-03,232.56565856933594,234.200468562086,227.77143609175423,227.77143609175423,761045,226.67070999145508,232.37650604248046,63.78301937374893,-2.054600802727549,-2.8231948572650367
2023-10-04,231.2890625,233.87903715086878,229.70935608319996,232.37280708068505,904841,226.57151947021484,232.32510040283202,60.194602572211686,-1.4551968458659417,-2.549595254985218
2023-10-05,231.794189453125,232.9146791457059,230.2144831329021,231.25230318173115,694417,226.42870330810547,232.2837973022461,60.986739826875905,-0.9286998937066642,-2.225416182729507
2023-10-06,233.52084350585938,233.74127254078647,231.81255702416894,232.27177366963218,334521,226.45809326171874,232.27702728271484,66.97618576511739,-0.36788002221038596,-1.853908950625683
2023-10-09,233.4749298095703,233.9708776135425,231.44518609857786,233.23612818817142,333677,226.69183502197265,232.31891021728515,65.96363066699098,0.072038499881387,-1.468719460524269
2023-10-10,235.63323974609375,235.93633842395252,233.46573664774775,234.1086371400157,498775,227.08216857910156,232.32158355712892,71.23401332740085,0.5880559295063961,-1.057364382518136
2023-10-11,240.2713165283203,242.6408900826679,235.11891928968615,235.11891928968615,1030564,227.74986877441407,232.30311431884766,75.52175281650767,1.355630628455657,-0.5747653803233774
2023-10-12,244.54205322265625,246.3238160217189,238.98551508161842,240.81321636153154,1129933,228.63386077880858,232.38135925292968,82.78058629898142,2.2822435832665633,-0.0033635876053892955
2023-10-13,247.4351348876953,252.56917400683076,242.46640704655752,244.39512270828206,999108,229.65929260253907,232.59783660888672,87.90584504686127,3.2130010615030926,0.6399093422163071
2023-10-16,245.41455078125,247.6463649703035,244.76247099539432,246.59933756946856,1319468,230.64017868041992,232.78647705078126,86.95656484585241,3.744425412752605,1.2608125563235668
2023-10-17,245.12982177734375,250.27305343526288,244.4869353378274,246.1401039289925,1869166,231.5774383544922,232.89415466308594,88.56725877340617,4.095398583217616,1.8277297617023769
2023-10-18,244.4226531982422,246.14011894665336,242.76029120434137,243.3848191076983,206136,232.51791458129884,232.9545199584961,86.63649940614086,4.26729404569673,2.3156426185012475
2023-10-19,256.4173889160156,259.45740082142447,243.3848184696548,243.3848184696548,1447460,234.03287048339843,233.2429342651367,90.24392756623256,5.310184860786819,2.914551066958362
2023-10-20,256.81231689453125,260.743210328516,253.58860701693538,254.4060261140193,675117,235.64472198486328,233.43937622070314,88.5907945818543,6.098253858237172,3.551291625214124
2023-10-23,254.42437744140625,262.21270175538325,252.10993566323185,257.02355932281375,1089800,237.2060577392578,233.58805938720704,80.95734101043297,6.455700166437708,4.132173333458841
2023-10-24,250.62208557128906,252.09158446975943,248.07800736998146,249.81385977571236,631364,238.6608573913574,233.62843872070312,75.5523153218016,6.358864729759972,4.577511612719068
2023-10-25,246.92079162597656,252.5691506623909,246.2778771220377,248.99643176849958,329702,239.9742172241211,233.6631344604492,68.43518580850512,5.915270899349224,4.845063470045099
2023-10-26,247.8392333984375,249.58425107535302,247.05855948213417,247.05855948213417,250897,241.3334991455078,233.92742309570312,67.80086973611226,5.57358139128246,4.990767054292571
2023-10-27,248.05043029785156,248.98725011500997,247.0585347584362,247.15954895844334,231039,242.70334091186524,234.21197357177735,68.04634973365566,5.259206955100439,5.044455034454145
2023-10-30,250.16285705566406,252.47729879187105,248.24333489636484,249.80465462891596,477113,243.8371467590332,234.58797973632812,68.01000315104554,5.121480890850535,5.059860205733423
2023-10-31,258.3185119628906,267.26404170945307,248.98722796798273,250.4567265864892,1770965,245.12478942871093,235.14422973632813,70.57588562660594,5.605804954013564,5.169049155389452
2023-11-01,254.7274932861328,261.66165381442227,253.94681933891235,259.91663606839853,478311,246.29671096801758,235.62993530273437,61.79539566199419,5.634914283371273,5.262222180985817
2023-11-02,257.7746887207031,264.4096195189934,256.2650591045029,257.597630586605,679465,247.5957359313965,236.1348504638672,61.93128094352506,5.8365863078950895,5.3770950063676715
2023-11-03,255.18408203125,260.924422744244,251.605693360521,257.7094497314575,530933,248.67889785766602,236.50566131591796,61.12712312730666,5.721419567746295,5.445959918643396
2023-11-06,260.3466796875,260.8312434029321,253.46945249250552,256.24644423194025,622860,250.0224853515625,236.97788757324219,65.59823592087045,5.977819005247966,5.5523317359643105
2023-11-07,259.0047912597656,264.13942073608877,257.81199492338925,262.7788656416769,773899,251.1910629272461,237.47287139892578,64.75560011969321,6.003533231217801,5.642572035015009
2023-11-08,264.3257751464844,265.5838094050519,257.3833382444393,257.3833382444393,1736205,252.3937858581543,238.10678771972655,59.25207111408157,6.3797293225140095,5.790003492514809
2023-11-09,264.3257751464844,264.3257751464844,264.3257751464844,264.3257751464844,0,253.3829719543457,238.87185638427735,58.872024982829,6.601766381819971,5.952356070375842
2023-11-10,269.1715087890625,273.0387758653241,263.72937414348013,263.72937414348013,1040537,254.46979064941405,239.7340231323242,66.45836313477062,7.087047486589313,6.179294353618537
2023-11-13,272.70330810546875,278.63000629456303,269.31127698705257,269.31127698705257,758563,255.834228515625,240.53677612304688,74.79318099502703,7.668228383240574,6.477081159542945
2023-11-14,271.7527770996094,274.6695438970912,269.31127459290707,272.9455733028267,405891,257.1653762817383,241.30453735351563,79.71749743161223,7.9603564883177,6.773736225297896
2023-11-15,273.048095703125,274.6509182766463,267.91346677009653,271.73415146217104,384577,258.5966484069824,242.10004180908203,79.89881996439841,8.201845730031039,7.0593581262445255
2023-11-16,273.5513000488281,277.23220967027294,272.85239531856695,273.97065426238737,846310,259.45334396362307,242.87805755615236,80.03709648140592,8.337720032682682,7.315030507532157
2023-11-17,270.7557067871094,274.4366167573914,270.24318797841596,274.4366167573914,567579,260.15051345825196,243.63451080322267,73.87182329120068,8.126147217213543,7.477253849468434
2023-11-20,267.6246032714844,272.01371704237386,266.571582254434,270.2524918990514,363862,260.81052474975587,244.4110009765625,62.21029078832619,7.6180047341356385,7.505404026401876
2023-11-21,267.1027526855469,271.4080012365459,266.51566816704593,267.447541132665,343079,261.6345581054687,245.19652465820312,67.65956371988223,7.091443428753223,7.422611906872145
2023-11-22,273.5140380859375,274.25019723918234,267.4009538217326,267.4009538217326,760312,262.9642204284668,246.12845916748046,70.49261228586437,7.109522797743978,7.3599940850465115
2023-11-23,272.73126220703125,276.5332912383262,271.98574680192104,271.98574680192104,325609,264.2088218688965,247.04584014892578,73.97505199585702,6.980223682849669,7.284040004607143
2023-11-24,274.75341796875,277.69813991198095,271.7341587022435,272.7312695869004,578090,265.5439712524414,248.00237854003908,71.532017062144,6.960685819604123,7.21936916760654
2023-11-27,274.9584655761719,276.6731086112099,273.65384896674175,275.8344285364698,227718,266.7837516784668,248.98561126708984,74.6828067869338,6.882411396062423,7.151977613297716
2023-11-28,276.57989501953125,278.86299524489226,275.3684714949563,275.8344079949477,1012861,267.69682083129885,249.9895166015625,71.40994018655311,6.871998040950814,7.095981698828336
2023-11-29,278.52752685546875,282.2456909214885,276.766273284087,276.7756011141492,1053268,268.88682250976564,251.0478045654297,73.2316994635417,6.940892703591203,7.06496389978091
2023-11-30,272.10687255859375,281.5560769205275,270.33631982896094,279.5618553684182,1429049,269.60343170166016,251.9675765991211,54.56647322005058,6.403582564272824,6.932687632679293
2023-12-01,282.9632263183594,284.22126053630336,272.2932976990349,273.0387847119242,1304389,270.9923889160156,253.1353353881836,62.99877743899375,6.775671700181022,6.901284446179639
2023-12-04,287.65985107421875,295.3012203172318,284.24919280849366,284.24919280849366,1732592,272.35804748535156,254.42457916259767,68.4062660891465,7.364638420232609,6.993955240990234
2023-12-05,286.9889221191406,292.1421785489876,283.7553217485382,288.6476548821337,693314,273.7572540283203,255.73383575439453,66.36760567518394,7.688630681175823,7.132890329027352
2023-12-06,291.0705261230469,292.1887566172425,287.948746004552,287.948746004552,783107,275.09449157714846,257.1421743774414,68.97456000253844,8.180449088993669,7.342402081020616
2023-12-07,290.1759338378906,295.26395222220833,288.92719904916436,291.68556347862733,1041236,276.3869995117187,258.53262115478515,71.9368000419182,8.401188923208906,7.554159449458274
2023-12-08,293.4654541015625,294.23889616920684,290.7443724617341,291.2103089560638,891132,277.60169677734376,259.98885833740235,79.08534763178956,8.740805065941572,7.791488572754934
2023-12-11,298.935546875,301.7404652597049,287.94875627006877,293.4468012684302,2260292,278.91330871582034,261.41783447265624,82.23855050658959,9.34363645239165,8.101918148682277
2023-12-12,302.9519348144531,307.05217055448963,299.13124961454076,300.9856678872178,1567036,280.4732666015625,262.82555999755857,81.33304489109682,10.029855676804402,8.487505654306702
2023-12-13,298.8609924316406,304.7224817716201,288.8806402116276,302.75624332259906,1839954,281.76391143798827,264.1769985961914,75.98216913828628,10.126848489589406,8.815374221363243
2023-12-14,299.4014587402344,301.7404404336781,293.4467771247737,297.2674617884389,877987,283.0564193725586,265.5291439819336,75.25296203677821,10.130548450267952,9.078409067144186
2023-12-15,301.637939453125,302.8400634496411,296.3821626784065,298.199326197826,814544,284.60053100585935,266.89148590087893,76.24191115068028,10.196408152109655,9.30200888413728
2023-12-18,295.24530029296875,302.84938713359895,294.481186071556,300.2494820254819,600823,285.98156585693357,268.12689331054685,66.7839513693826,9.621855129071662,9.365978133124157
2023-12-19,286.21551513671875,295.21738417984426,284.2306209005323,294.0152883668521,1023747,286.9372039794922,269.1385388183594,56.132036433916056,8.341731236687792,9.161128753836884
2023-12-20,279.757568359375,287.9021572224101,273.5326639230594,287.8462471208897,1789142,287.24938049316404,269.92826385498046,56.098663391964,6.72855885743445,8.674614774556398
2023-12-21,276.4773864746094,282.3575024856155,271.8832596785501,281.42562954011845,754517,287.43668670654296,270.56697052001954,44.1196261847738,5.126331699320872,7.964958159509293
2023-12-22,272.9083251953125,279.0959758393637,272.1069280303646,277.5863460627812,320583,287.3444320678711,271.07643432617186,36.34639589458056,3.527894345763002,7.077545396760035
2023-12-25,272.9083251953125,272.9083251953125,272.9083251953125,272.9083251953125,0,287.24192504882814,271.6263098144531,36.8034902923812,2.2353534636790187,6.109107010143832
2023-12-26,265.88201904296875,274.9025431243145,265.583812848914,272.10692404169436,529964,286.70703125,272.0413537597656,27.62787621533566,0.6367018149797445,5.014625971111015
2023-12-27,270.1220397949219,271.15643368124245,264.4283090394709,269.7586240889507,564578,286.28675689697263,272.5553414916992,33.18749942433983,-0.28482362546907325,3.9547360517949977
2023-12-28,273.4581298828125,281.33243928550434,269.7772203370089,272.06032045101455,857017,286.3543197631836,272.89615631103516,33.23962932891027,-0.7374437940177927,3.0163000826324398
2023-12-29,274.81866455078125,277.8845346245276,272.63808518539076,275.8344026886016,349754,285.9470916748047,273.2562832641602,28.303119690831352,-0.9751241372420054,2.218015238657551
2024-01-01,278.9375305175781,281.33245093513744,274.92116019231275,274.92116019231275,345186,285.51097564697267,273.7465463256836,28.43507810359003,-0.8216579001119726,1.6100806109036463
2024-01-02,275.685302734375,282.3575167744042,274.90253283316576,281.4256437817494,403982,284.9457946777344,274.2478106689453,28.869955042161536,-0.951494171104855,1.097765654501946
2024-01-03,276.57989501953125,280.30738701946296,274.34340550727364,276.67308800723094,280908,284.2212631225586,274.8409927368164,29.326320992623664,-0.9710110196924688,0.6840103196630631
2024-01-04,279.82281494140625,283.2800557053225,277.69814570243125,278.63001867458706,1091669,283.7036071777344,275.4806643676758,30.5919309296264,-0.7165418785822908,0.40389988001399235
2024-01-05,275.9368896484375,279.543261906533,274.83728637644236,278.6486433855993,287334,282.8271789550781,276.0383935546875,32.020108442363,-0.8189940919256173,0.15932108562607042
2024-01-08,293.42816162109375,294.8912089906738,279.5525596233479,279.5525596233479,2091918,282.5518096923828,276.9036996459961,55.80205683042295,0.505385489079174,0.22853396631669115
2024-01-09,297.3513488769531,301.4609121742366,294.4718647513409,294.4718647513409,1056209,282.2717803955078,277.68435638427735,64.75463832884519,1.850206246868538,0.5528684224270606
2024-01-10,292.18878173828125,299.5971838177312,290.79097217148,298.63735571940134,502738,281.9381698608398,278.4335821533203,62.77275052608755,2.470927054622905,0.9364801488662295
2024-01-11,288.5917663574219,292.59880908629714,287.9953539565335,291.6669360387905,1009273,281.3976852416992,279.0499237060547,62.74423252895825,2.642146665021471,1.277613452097278
2024-01-12,289.6260986328125,293.4281561569389,287.99532098636985,290.7443575372039,1046365,280.7970932006836,279.73876403808595,63.36014102327723,2.8286939867036835,1.5878295590185592
2024-01-15,288.8713073730469,291.676254253894,287.94876218675154,290.65118824772827,269017,280.4783935546875,280.3092565917969,70.41882673868744,2.8824021982203476,1.846744086858917
2024-01-16,288.8713073730469,288.8713073730469,288.8713073730469,288.8713073730469,0,280.6111831665039,280.9065869140625,68.00932863384057,2.891633393018651,2.0557219480908637
2024-01-17,294.6209411621094,296.10261566896537,285.16243686069924,286.7373043457892,2822558,281.35435180664064,281.512490234375,69.42687792434235,3.3245729687770904,2.3094921522281093
2024-01-18,296.4847106933594,297.08109461246346,289.81249674475015,295.40373462407007,1113839,282.35471801757814,282.1556689453125,69.70676064360434,3.774560542376662,2.60250583025782
2024-01-19,301.4795227050781,305.65432370575024,294.4718484482228,294.4718484482228,927204,283.7832778930664,282.8018292236328,70.18190203694434,4.482546516446519,2.97851396749556
2024-01-22,300.7433776855469,302.85871911659115,298.52551543847045,301.936173964835,374040,285.17503051757814,283.36263061523437,73.49298932390451,4.927429411764308,3.3682970563493098
2024-01-23,303.77197265625,305.0952163988684,299.1312348496913,300.76201260977524,732014,287.0695281982422,284.00301452636717,74.51284088483149,5.4614286645991115,3.78692337799927
2024-01-24,303.65081787109375,305.65433910128195,302.39278365355483,303.9396962213833,660605,288.74596710205077,284.61506896972656,72.76131629179878,5.80790087510286,4.191118877419988
2024-01-25,309.7638854980469,311.61830353695086,302.85870364237996,302.85870364237996,3959018,290.5612548828125,285.3393206787109,80.9939373468049,6.500818675509663,4.653058837037923
2024-01-26,306.65142822265625,310.7796184278055,305.6636452037832,309.40976409959404,656175,292.15289306640625,286.0572351074219,66.45031571849876,6.721332398298557,5.06671354929005
2024-01-29,300.6874694824219,307.23853544902965,298.29254907856574,304.76904928058667,506294,293.2403900146484,286.71849243164064,53.94972641899372,6.341745787037041,5.321719996839449
2024-01-30,292.0583190917969,301.46091420890673,289.8125017587944,300.6874721351623,1104177,294.05904083251954,287.2176037597656,49.85725838602808,5.283712988796026,5.314118595230765
2024-01-31,296.0187683105469,297.1742816822814,293.5306549908377,293.539982820773,226952,295.03098449707034,287.66769836425783,58.061906623293154,4.710489930828942,5.1933928623504
2024-02-01,299.876708984375,300.73404462575456,294.51843943164437,295.3944022944756,367389,296.03367919921874,288.2106072998047,60.48421431130898,4.515458700637794,5.057806030007879
2024-02-02,301.0602111816406,302.85871921202744,297.4072565785096,297.4072565785096,414517,297.2898452758789,288.7367431640625,62.358302463826064,4.405608667641559,4.927366557534616
2024-02-06,301.0602111816406,303.32465570312286,297.2768091490263,300.9949732476457,258606,297.67144775390625,289.2587780761719,62.358302463826064,4.269337460392251,4.795760738106143
2024-02-07,301.75909423828125,304.61995091330937,300.07240653677707,303.69737738903865,263134,297.89183502197267,289.7623620605469,58.06317949255364,4.169670206120998,4.670542631709114
2024-02-08,301.75909423828125,301.75909423828125,301.75909423828125,301.75909423828125,0,298.37035064697267,290.2269934082031,56.21977490468681,4.044065716807381,4.545247248728767
2024-02-09,294.6209411621094,298.1993297059604,286.10360915690086,298.1993297059604,413554,298.671809387207,290.6772747802734,42.30124691696356,3.330146105521692,4.3022270200873525
2024-02-12,289.0111083984375,294.65825655275205,287.11937889092394,294.65825655275205,417799,298.6410598754883,290.798232421875,38.129353344436886,2.2853489690303945,3.898851409875961
2024-02-13,287.9208068847656,290.64188860436946,282.45071683112644,288.87130712320214,474039,298.5935348510742,290.80345153808594,33.30713008914459,1.3537562317254128,3.3898323742458514
2024-02-14,295.13348388671875,296.32628016500803,289.04835445756635,289.04835445756635,549907,298.9066436767578,290.9663427734375,42.19600908642506,1.1838187057108485,2.948629640538851
2024-02-15,288.5264892578125,297.25813397766245,286.55092321539877,295.4037159651428,343153,298.60192108154297,290.9154620361328,30.715821291580838,0.5101322553227874,2.460930163495638
2024-02-16,285.0412902832031,294.00590312794196,284.22123757217844,287.9487292124693,437465,298.02975006103514,290.8127691650391,30.50929751326821,-0.30151980783131194,1.9084401692302482
2024-02-19,289.2626953125,291.21030642927826,280.0464578841431,286.08500503612294,319277,297.4189086914063,290.7287139892578,39.36131576658988,-0.5972431620071461,1.4073035029827694
2024-02-20,289.69134521484375,294.0059216098658,288.88062028227705,289.45837697268064,190394,296.8663070678711,290.5438299560547,47.39858607798641,-0.7879347645276766,0.9682558494806801
2024-02-21,291.9651184082031,294.3693666000935,287.94874817635775,293.5399860050249,149320,296.2759643554688,290.3240936279297,45.37331815604279,-0.7469740870945998,0.6252098621656241
2024-02-22,292.4217224121094,293.53065350556824,289.8124895089743,293.53065350556824,151684,295.71450958251955,290.19530822753904,40.77489590437629,-0.6699456120180685,0.36617876732888566
2024-02-23,292.4310607910156,294.47186491471393,287.01688099282245,292.4217329607911,422905,294.84786834716795,290.0559002685547,39.00235541574488,-0.6012160174212227,0.172699810378864
2024-02-26,294.2295837402344,298.1993719800413,285.1531494559145,287.1100885222352,910136,294.2267761230469,289.90773315429686,41.67612508014239,-0.3970446636835163,0.05875091556638795
2024-02-27,295.7764892578125,301.93618467466393,293.54932754010304,296.33561875448476,439495,293.9812271118164,289.91835693359377,42.85716367770191,-0.10915675649033574,0.025169381155043215
2024-02-28,297.6029357910156,299.1218932707534,296.33560221191294,297.453861142832,203722,294.25845794677736,290.1461053466797,45.245192613183676,0.2633398373380942,0.07280347239165341
2024-02-29,301.4422912597656,305.18841051896015,298.19936294982364,298.19936294982364,585865,294.5296340942383,290.5797998046875,58.44101013274684,0.8584542449690389,0.22993362690713054
2024-03-01,324.0495300292969,324.0495300292969,301.02295459099554,301.9268726002094,1314196,295.7382751464844,291.53124267578124,80.51945911605294,3.1183554719362974,0.807617995912964
2024-03-04,326.6960144042969,335.7072385673329,324.3942870231444,326.1555405928287,1626507,297.0200653076172,292.60699645996095,82.88286469688218,5.064512104495407,1.6589968176294527
2024-03-05,326.21142578125,334.5144167502377,322.52121705231235,327.08738858416257,611066,298.27762603759766,293.67305847167967,79.75018726022803,6.492906817003814,2.625778817504325
2024-03-06,321.0209045410156,329.88302542608915,320.0983594176882,327.2924197537861,590006,299.2407165527344,294.7758361816406,81.9732305491479,7.123967568984597,3.5254165678003795
2024-03-07,317.8804931640625,322.80078115624525,313.1186360848321,319.91196935071446,668692,300.0467864990234,295.73100524902344,82.53323086281426,7.2866864235831486,4.277670538956933
2024-03-08,319.34356689453125,328.9045931619597,317.768699218631,317.768699218631,1615015,301.28291778564454,296.6487139892578,81.52343829952719,7.447845978493092,4.9117056268641655
2024-03-11,316.38018798828125,320.56428834926254,314.97305076177537,320.5456611284994,345799,302.65137176513673,297.4799444580078,76.55783664807754,7.252839950889779,5.3799324916692886
2024-03-12,311.8420104980469,318.51419649722675,310.313725048525,316.38022769258913,168367,303.8474319458008,298.1380340576172,68.92639081480483,6.655384147126199,5.635022822760671
2024-03-13,311.4040222167969,315.90495642818416,308.44997220569013,313.0907101220555,263066,304.6609588623047,298.85240844726565,68.08098730750805,6.076507923483746,5.723319842905286
2024-03-14,311.9724426269531,313.1000009971511,309.38183681764684,312.1774558250352,203345,305.83325653076173,299.56025939941406,68.4173650131846,5.599068545389116,5.698469583402053
2024-03-15,310.5187072753906,312.17743999813905,309.8477576100932,312.17743999813905,160536,307.1071273803711,300.17417724609373,65.45260420104523,5.045231813191606,5.567822029359965
2024-03-18,311.2641906738281,314.97305523067854,309.3818175638618,312.8297588338009,200236,308.2072021484375,300.88072326660154,64.91918959709741,4.613287387405762,5.376915100969124
2024-03-19,314.1809997558594,314.9171874436914,309.40048635822507,313.10935141342594,260574,309.43168487548826,301.29578002929685,65.64096185451484,4.454976241126985,5.192527329000696
2024-03-20,316.6970520019531,317.7687002888327,313.10933518195833,314.97308122470804,1477744,310.6682815551758,301.68269409179686,64.76104417670683,4.480885052236488,5.050198873647855
2024-03-21,316.3335876464844,320.0890345449582,314.50712460415747,319.632425894003,345109,311.8638748168945,302.16559020996095,36.89039692382995,4.421125453641196,4.924384189646523
2024-03-22,316.95794677734375,319.119898817553,314.9916800912252,314.9916800912252,394483,313.09021911621096,302.73291381835935,32.233994577169554,4.373728485651952,4.814253048847609
2024-03-26,319.56719970703125,320.92775475697584,312.64339017168976,316.37088215585294,185309,314.35709991455076,303.33173583984376,38.75047019870287,4.494896582209265,4.750381755519941
2024-03-27,323.88177490234375,324.757737790115,319.6417641631266,320.5643093251063,192726,315.76236419677736,304.03194519042967,54.99189007564648,4.882787595580112,4.776862923531976
2024-03-28,329.9389343261719,338.26055294252006,324.2917865255488,325.2143316455152,449220,317.37916412353513,304.85329772949217,69.09677550314194,5.6142387128503515,4.944338081395651
2024-03-29,334.80328369140625,336.40610616580284,325.27021399073027,329.789803099218,301008,319.0472137451172,305.6569445800781,72.10223018807996,6.511372287279073,5.257744922572336
2024-04-01,335.0549011230469,337.3286733508354,330.5073851059748,334.77535061901756,134655,319.5974822998047,306.42834838867185,78.94277311584148,7.160123090426453,5.6382205561431595
2024-04-02,333.079345703125,336.3129460160938,331.7561020237579,334.54239307747963,77672,319.9166488647461,307.06034484863284,85.75450768672721,7.429212625315358,5.9964189699776
2024-04-03,349.349853515625,355.1367764007258,333.8900567077175,333.8900567077175,691686,321.07357025146484,308.03247436523435,91.67001235278701,8.853306614897065,6.567796498961494
2024-04-04,352.2572937011719,361.55736729787935,344.88617544716425,352.2479658715945,1028955,322.63538970947263,309.00218078613284,92.07702841230741,10.10008993646602,7.274255186462399
2024-04-08,351.17633056640625,353.87875646195636,348.5298147733602,350.8501693427955,350236,324.30018157958983,309.95269104003904,92.79967052192848,10.875583058722896,7.994520760914499
2024-04-09,346.5915222167969,353.06805101978614,343.8611411193296,351.7820617142193,322213,325.66257934570314,310.6892437744141,84.40733845041754,10.993485174382954,8.59431364360819
2024-04-15,340.7580261230469,346.65676993726146,336.40616652513813,345.72489689979574,438274,326.88147125244143,311.3713757324219,74.49332932834284,10.495226628753244,8.974496240637201
2024-04-16,339.54656982421875,346.65676556047254,337.30075241966034,341.0655274062713,537878,328.26669921875,312.1485577392578,71.57690948817688,9.88860901356702,9.157318795223166
2024-04-17,334.7567443847656,342.9199324377423,331.7467843896599,339.5465567646153,279398,329.43433532714846,313.00252624511717,66.0549360770522,8.91855376417908,9.109565789014349
2024-04-18,335.6885986328125,340.9723022647528,330.3489564611776,338.92219886462715,522011,330.6201431274414,313.7959228515625,66.23589002365946,8.131238978728675,8.913900426957214
2024-04-19,340.4224853515625,341.39164112615197,335.4742425490444,337.33798834098354,399148,332.11533203125,314.6068383789063,67.43534451966862,7.79936520725073,8.690993383015918
2024-04-22,339.6770324707031,341.1587071112466,338.2698951563696,338.2698951563696,297759,333.5359741210938,315.3791748046875,64.04313174544001,7.391002162665245,8.430995138945784
2024-04-23,339.5558776855469,342.463316804584,336.4061424937546,339.211089236476,455207,334.8047180175781,316.14908813476563,59.55913579258245,6.977166892306116,8.140229489617852
2024-04-24,340.1150207519531,343.525679374398,338.26990195795617,338.26990195795617,487717,335.9756164550781,316.91620666503906,55.77398348631766,6.618029111512328,7.835789413996747
2024-04-25,338.00897216796875,344.7836785693631,336.4154773173904,339.21109628819784,467124,337.0593856811523,317.6412042236328,53.08670083756324,6.093230346509813,7.487277600499361
2024-04-26,343.9543151855469,347.49542105775174,336.41546635260386,338.00896115124544,1057509,338.4092041015625,318.62787170410155,60.49274387647718,6.086897077935532,7.207201495986595
2024-04-29,343.15289306640625,352.1547893611978,341.99737968495884,349.3591704536914,1403090,339.58848876953124,319.71070739746096,41.47652099745465,5.948637657691734,6.955488728327624
2024-04-30,343.8704528808594,345.58509572865484,342.0532892186028,345.58509572865484,362760,340.58792266845705,320.8297003173828,37.7250467647043,5.829765246315276,6.730344031925155
2024-05-02,338.7078552246094,345.9578254871776,338.0834878481617,344.7929843239211,625600,341.02636871337893,321.7011877441406,33.69880328539931,5.258364367429863,6.435948099026096
2024-05-03,340.3852233886719,341.29846912069985,338.2698820227005,340.13362792916166,394045,341.3054656982422,322.7383624267578,41.218315758565005,4.884568382901534,6.125672155801184
2024-05-06,347.038818359375,350.29104594486745,341.3450596887366,341.3450596887366,1174284,341.90466156005857,323.97831298828123,58.68551456258235,5.066814792880962,5.913900683217141
2024-05-07,345.7616882324219,352.4065327519444,345.20476437145504,350.4860611838139,677883,342.5387786865234,325.10829284667966,58.57911343081129,5.049979636237481,5.741116473821209
2024-05-08,347.5093078613281,351.4462802495274,345.5024186845883,347.3172782960923,451349,342.4467514038086,326.26465209960935,69.21714273100525,5.118651325660437,5.616623444189055
2024-05-09,340.950927734375,349.90991472833576,338.00299683693953,349.4297968351015,569681,341.8814331054688,327.24436828613284,56.78018084047253,4.590946099831285,5.411487975317501
2024-05-10,333.3458251953125,342.6601234249176,318.99031872679853,341.1813522071716,325431,340.9899078369141,328.0628503417969,41.51030019726119,3.5185085140874435,5.03289208307149
2024-05-13,338.1854248046875,340.8836848673401,333.345828510164,335.11265874059376,305468,340.5696029663086,328.9779376220703,48.37061350433608,3.0242475993484277,4.631163186326877
2024-05-14,340.22113037109375,343.7644026759621,334.2196568606894,338.48310598680627,276702,340.5427581787109,329.8977685546875,50.697525590444094,2.7649342486611204,4.257917398793726
2024-05-15,336.9371337890625,344.7342433303742,335.9384804116126,340.88368862522094,414895,340.41228637695315,330.7209814453125,46.848051587188685,2.268288058545636,3.859991530744108
2024-05-16,335.92889404296875,339.20330168899585,335.314358359413,338.96324273521736,232263,340.4708938598633,331.48750061035156,47.89097165064886,1.7728989776151707,3.442573020118321
2024-05-17,337.2060241699219,340.8837144489173,335.6024174644975,336.0633412053308,186892,340.54676513671876,332.20277526855466,42.442352465101145,1.466448978721644,3.047348211838986
2024-05-20,330.7052001953125,339.82744019976434,327.11392771823097,338.867204409822,241655,340.06090087890624,332.335888671875,37.637570467357705,0.6910569077823538,2.57608995102766
2024-05-21,330.6475830078125,333.87399044759496,328.496664250671,332.2415779096478,195994,339.6094284057617,332.4149200439453,36.69327273006465,0.07108446222849807,2.0750888532678275
2024-05-22,325.9424133300781,332.2223631091238,322.6392001273064,330.11944454968284,213276,338.92875518798826,332.4095397949219,37.03423128091125,-0.7908001855002453,1.501911045514213
2024-05-23,324.33880615234375,326.48014234128203,322.63919949020817,326.48014234128203,165590,338.1399444580078,332.47589782714846,33.67731048402868,-1.5849770469246778,0.8845334270264349
2024-05-24,325.241455078125,330.2250811549656,322.7352537410223,325.9040201152128,266168,337.50156860351564,332.6231170654297,24.88943357647399,-2.1171267870447537,0.28420138421219715
2024-05-27,323.3017883300781,327.4307904779997,322.4471644167058,327.4307904779997,411150,336.4689422607422,332.7022814941406,24.515212627741477,-2.6646576711762577,-0.3055704268654938
2024-05-28,323.3017883300781,323.3017883300781,323.3017883300781,323.3017883300781,0,335.4763870239258,332.84071350097656,21.397870864360996,-3.0632683904111673,-0.8571100195746285
2024-05-29,318.3181457519531,325.2318547568811,316.87779215126557,323.5034128536146,668285,334.19877166748046,332.97023620605466,22.224910397621088,-3.7382167277771714,-1.4333313612151373
2024-05-30,314.630859375,320.7091389721581,313.75704129820133,320.7091389721581,387926,332.994921875,333.03477294921873,24.589412655819316,-4.518564147774953,-2.0503779185271007
2024-05-31,322.7832336425781,326.4801470508798,314.6308417008744,314.71725939978194,563402,332.1148223876953,333.25098876953126,30.81341109866723,-4.428121995114225,-2.5259267338445257
2024-06-03,318.8462829589844,324.5500859068422,317.74201765918207,322.1494964272411,255656,330.70519561767577,333.41754028320315,24.57745297955266,-4.620858573970338,-2.9449131018696884
2024-06-04,314.7845153808594,320.7091540145253,313.9010855275166,319.7393357574391,315903,329.15633697509764,333.4879467773437,24.131002654977635,-5.043219306383548,-3.3645743427724604
2024-06-05,313.4497375488281,317.3579039435297,310.4730009702385,314.7844792592031,244000,327.45335845947267,333.47332153320315,23.948363366284113,-5.423134131127085,-3.7762863004433855
2024-06-06,314.74609375,317.3579363346599,311.61571562095435,311.61571562095435,132107,326.1431167602539,333.4343023681641,23.982239253935532,-5.555573067443788,-4.132143653843466
2024-06-07,313.1136474609375,318.7982557586161,304.586778970522,313.99707720803457,262081,325.13150787353516,333.3699035644531,27.031115021341577,-5.726248028443933,-4.450964528763559
2024-06-10,311.1836242675781,315.43746184949686,308.2356933141202,315.43746184949686,124360,323.7814178466797,333.2544171142578,25.771036398433964,-5.948673303587327,-4.7505062837283125
2024-06-11,306.98736572265625,313.02722719071653,303.44409363712407,313.02722719071653,403643,322.11972961425784,333.0028204345703,26.101744738581644,-6.389891242926069,-5.078383275567864
2024-06-12,310.03131103515625,312.07661786551057,304.87484976092185,309.1959106236751,258913,320.7744384765625,332.7258111572266,32.59350235835046,-6.4199336919188,-5.346693358838052
2024-06-13,318.2125549316406,321.6597979274422,310.15616252637903,310.15616252637903,571874,319.8886215209961,332.49128356933596,42.73524815970639,-5.7176747449209415,-5.42088963605463
2024-06-14,321.1604309082031,326.96026286579286,316.8777877994468,322.52397852525155,283340,319.08634185791016,332.2184265136719,47.8319736307088,-4.86715498210657,-5.310142705265018
2024-06-20,324.0603942871094,328.36223199553734,316.8778198216854,316.8778198216854,221355,318.7541015625,331.9985363769531,50.7254539851232,-3.913991080933556,-5.030912380398727
2024-06-21,317.63641357421875,327.9205309517833,315.0629593179098,326.2977300794677,413567,318.1035430908203,331.689677734375,49.365538387781896,-3.6350606616019263,-4.751742036639366
2024-06-24,316.7914123535156,321.79423291998245,315.44708802618237,317.9820954285719,497287,317.6459930419922,331.0385089111328,52.123061200132184,-3.442507744841464,-4.489895178279786
2024-06-25,323.4458312988281,324.55009663513295,318.6542639164576,318.69268155454097,359452,317.6013442993164,330.46227966308595,50.670848967525366,-2.721579501088627,-4.136232042841554
2024-06-26,323.71466064453125,328.3045862055573,322.7064248620063,322.7544249262909,265174,317.5250045776367,329.9130462646484,55.324484947441704,-2.104289453464503,-3.729843524966144
2024-06-27,318.9039001464844,326.47056300259237,318.31817036952634,324.55970312187,151427,317.305110168457,329.3592938232422,54.43269840811142,-1.9804415133927478,-3.379963122651465
2024-06-28,319.48004150390625,321.5829602284514,317.93407594787243,317.93407594787243,156302,317.11402282714846,328.93373413085936,56.596660958046655,-1.8148805231331835,-3.066946602747809
2024-07-01,316.0616149902344,322.15911832151556,315.43746756667025,320.7187645883344,251278,317.0011962890625,328.4640350341797,51.375224833484445,-1.9371800899961613,-2.84099330019748
2024-07-02,317.1274719238281,320.23862641332994,316.0712067255189,316.0712067255189,991298,317.1260269165039,328.11144958496095,54.24628964199121,-1.9258970882488597,-2.657974057807756
2024-07-03,317.732421875,320.0945936185149,316.8777979902245,319.6624758087186,290312,316.873486328125,327.7523260498047,57.127919297674524,-1.8468514686866797,-2.4957495399835414
2024-07-04,317.17547607421875,320.19063046966363,315.90795781992716,318.0781000458443,315784,316.7899459838867,327.2873858642578,62.043156290763854,-1.8083031244347012,-2.3582602568737734
2024-07-05,314.7557067871094,319.278409281872,312.0766406514538,317.1754904974641,332743,316.7885055541992,326.7889593505859,55.66825500392141,-1.9505240158079573,-2.27671300866061
2024-07-08,314.08349609375,316.6857266728713,313.28651334512824,314.95731410975003,56393,316.8201934814453,326.27951171875,43.95720320172074,-2.09334609124528,-2.2400396251775443
2024-07-09,314.08349609375,316.3976676803739,313.0368426822516,314.95731410975003,190989,316.7870635986328,325.7588812255859,38.66502692763022,-2.18138793278456,-2.2283092866989476
2024-07-10,312.23028564453125,316.3688997228032,312.0766443954172,315.907975975461,220517,316.7428955078125,325.24330749511716,30.394577530251553,-2.3733419136115117,-2.2573158120814605
2024-07-11,312.9984436035156,313.99709701015547,310.50182473895114,313.99709701015547,96615,316.83363647460936,324.6241900634766,40.54042278260718,-2.4354090196554807,-2.292934453596265
2024-07-12,313.065673828125,313.997103717738,309.09989532187655,312.0766321353665,149778,317.13755187988284,324.02244567871094,42.15201379255372,-2.4509200504087403,-2.32453157295876
2024-07-15,321.2756652832031,322.6392129459917,317.0218279312074,318.1548990865529,739891,317.6997695922852,323.5705499267578,45.70985926369235,-1.7802137612728757,-2.215668010621583
2024-07-16,321.2756652832031,321.2756652832031,321.2756652832031,321.2756652832031,0,317.8529251098633,323.2219061279297,45.12661971401567,-1.234444289599196,-2.019423266417106
2024-07-17,321.2756652832031,321.2756652832031,321.2756652832031,321.2756652832031,0,317.85868682861326,322.8397149658203,55.86696178374723,-0.7927793839905348,-1.7740944899317919
2024-07-18,334.7958068847656,336.08251929930884,321.2948943109533,321.6789827579099,828421,318.3954574584961,322.5948547363281,73.0959010018546,0.6408187112291444,-1.2911118496996048
2024-07-19,327.2003173828125,335.50635039319866,324.6652810486554,335.07426190719565,473413,318.87365264892577,322.22362731933595,64.91765704098307,1.150797330276987,-0.8027300137042865
2024-07-22,316.2824401855469,326.24007972575873,314.9573102282527,321.6789601416606,360490,318.8482040405273,321.5990899658203,49.10457317664711,0.6662969581790321,-0.5089246193276228
2024-07-23,319.0191650390625,322.648855357646,316.3977106351685,316.8778285572249,241655,318.6268707275391,321.16045471191404,51.3045436881669,0.49742375515558024,-0.30765494443098224
2024-07-24,321.61175537109375,323.8395093624721,318.9903305065448,322.6392146650574,151563,318.5217254638672,320.9257733154297,54.319363327129196,0.5662633661094105,-0.13287128232290368
2024-07-25,317.2811279296875,323.59946663972215,316.87781599735405,321.678995027617,285598,318.44058685302736,320.5076873779297,52.37065298164336,0.2682812327432771,-0.05264077930966754
2024-07-26,316.7817687988281,319.75850549154535,315.9175624826379,316.87779823486477,185186,318.30567321777346,320.03890014648437,52.54115798192676,-0.008072805064955446,-0.04372718446072512
2024-07-29,314.8517150878906,319.2783878428562,313.0464671837671,313.0464671837671,304169,318.24517822265625,319.5971917724609,50.69810859245134,-0.3784619021682829,-0.1106741280022367
2024-07-30,316.7625732421875,317.79003252553485,315.90794936050526,316.8777968432976,221434,318.22693328857423,319.2138653564453,54.114344160564535,-0.5119067049444084,-0.19092064339067105
2024-07-31,318.5870361328125,320.2386428995397,313.1329037604841,313.987498393973,315092,318.26966400146483,318.84148559570315,54.97777862344349,-0.4650825824548406,-0.24575303120350497
2024-08-01,317.6651916503906,319.23038058100525,315.91755558651,316.8969854829365,97376,318.2941497802734,318.5806854248047,54.03537124708626,-0.4966343815812593,-0.29592930127905587
2024-08-02,318.980712890625,319.75850149588405,316.02317040044437,316.02317040044437,51779,318.5054000854492,318.34734802246095,47.709424921003624,-0.410752935731864,-0.31889402816961754
2024-08-05,316.37847900390625,318.79826249506664,315.8407493392039,318.79826249506664,154363,318.62014923095705,318.1560693359375,45.353517863378585,-0.5463715667194151,-0.36438953587957706
2024-08-06,319.6720886230469,320.47868314053017,314.0931212324017,316.87779906029954,379824,318.8995788574219,318.06273498535154,48.56801506055945,-0.3836609340092991,-0.3682438155055215
2024-08-07,321.8614501953125,325.0398284482205,320.07539631343235,320.07539631343235,180795,319.3811370849609,317.9951348876953,35.51928027065016,-0.0771589631980305,-0.3100268450440233
2024-08-08,320.4306945800781,322.56241920428096,318.79828201679754,318.79828201679754,55640,319.75274963378905,317.9377130126953,41.207341174679904,0.049722861871373425,-0.23807690366094394
2024-08-09,322.63922119140625,324.55969274611704,319.76812559441623,319.76812559441623,107417,320.23142700195314,317.92446166992187,60.67056334492774,0.32474381789347717,-0.12551275935005973
2024-08-12,318.33734130859375,324.5596794402263,316.8681818016336,321.69816639155465,87136,320.08451080322266,317.9248455810547,48.91262026297244,0.19334538745403052,-0.06174112998924169
2024-08-13,318.836669921875,319.72007035528867,316.87778088941957,317.8380165890845,59291,319.9625610351562,318.0089617919922,45.25762980578676,0.12802701495030533,-0.023787501001332284
2024-08-15,319.8449401855469,323.59946569271347,317.8380508732586,318.7982866765011,112687,319.8910247802734,317.95019592285155,54.94256200632329,0.15582447046170955,0.01213489329127608
2024-08-16,319.3456115722656,320.7187416667844,316.87779865281095,319.8545353494543,382184,319.11851501464844,317.9601824951172,54.94262665436677,0.13599484428482356,0.036906883489985574
2024-08-19,319.27838134765625,320.71873494772086,315.4374384141506,319.75849921434445,357612,318.7224182128906,318.0500598144531,59.19417467112728,0.11354591874396647,0.05223469054078175
2024-08-20,319.2975769042969,319.758500607791,315.44705152344454,319.2783827390105,355942,318.8731750488281,318.1670166015625,55.71421692382833,0.09619502810926406,0.061026758054478214
2024-08-21,319.441650390625,321.66937513306635,317.8380437414015,319.27839741394564,717723,318.89429931640626,318.260927734375,52.08430711153321,0.09299782748308871,0.06742097194020032
2024-08-22,315.3798522949219,320.71876106290074,314.47722828772453,318.7982894397696,230906,318.5827041625977,318.3062518310547,45.166599541483365,-0.23458498779268666,0.007019779993622917
2024-08-23,312.0958251953125,316.30166263444727,311.8845721498377,315.91757418014873,235057,318.3234390258789,318.3244958496094,36.558004518718356,-0.7505385292136566,-0.14449188184783301
2024-08-26,306.6608581542969,314.8324733137702,305.25892224169553,313.02722551460437,216758,317.81739349365233,318.3179656982422,32.916988108356335,-1.5797811130379387,-0.4315497280858542
2024-08-27,299.4303283691406,308.2357038944338,298.6333455176602,308.2357038944338,210636,317.0463241577148,318.1059460449219,18.742719160342475,-2.788263791339716,-0.9028925407366266
2024-08-28,304.59637451171875,305.5470278324197,299.43030148027674,299.43030148027674,316791,316.4380142211914,317.83362243652346,25.583922578684977,-3.2911993736058776,-1.380553907310477
2024-08-29,316.8586120605469,317.3579241148326,304.63480007694596,304.63480007694596,668844,316.3515930175781,317.7475860595703,46.133058468288105,-2.6695464854623197,-1.6383524229408455
2024-08-30,317.06024169921875,324.2716214922066,315.43744095242863,316.87779456408356,684961,316.3213455200195,317.6075830078125,43.68615770583571,-2.135989904082976,-1.7378799191692718
2024-09-02,311.8741760253906,317.95577403731835,309.98473206362934,317.95577403731835,183396,315.9660186767578,317.4923382568359,42.82901994405021,-2.107322722805293,-1.811768479896476
2024-09-03,311.6182861328125,313.871834196178,310.08312615062835,312.9369476543455,47866,315.72800903320314,317.38887573242187,41.94759461402706,-2.0812604756531528,-1.8656668790478115
2024-09-04,314.895263671875,316.8732710297487,311.9528786224545,312.83854324942905,137763,315.48916778564455,317.2178643798828,44.74445009704837,-1.7757119543904878,-1.8476758941163467
2024-09-05,317.1488037109375,319.8156479187702,311.9528706626816,314.9149564264337,154141,315.25353546142577,317.08654724121095,47.75120944538893,-1.3363164778704117,-1.7454040108671598
2024-09-06,314.80670166015625,317.8573509730471,313.9210370291085,316.8732724870625,152037,314.9723358154297,317.00460327148437,45.62621263588984,-1.16366643646694,-1.6290564959871159
2024-09-09,311.73638916015625,316.8240882702074,309.8863167565013,314.9051231632542,205934,314.4271942138672,316.8497302246094,43.020896887916905,-1.2600633677153041,-1.5552578703327535
2024-09-10,313.6651611328125,319.82550194973953,309.98471727436294,312.3957215325068,301504,314.19358520507814,316.80180114746094,44.83826280453551,-1.1673661807866438,-1.4776795324235317
2024-09-11,311.7855529785156,314.895244393347,310.1421588328388,313.06487294510475,52643,313.84102935791014,316.69496276855466,46.65787753174758,-1.2313771129569204,-1.4284190485302095
2024-09-12,312.7303161621094,313.9210427429501,310.0043994860331,313.9210427429501,176080,313.4852981567383,316.59492065429686,50.616807812641845,-1.1921296165307353,-1.3811611621303146
2024-09-13,312.5137939453125,317.8573326078638,310.9687836039782,317.8573326078638,185441,313.1437072753906,316.50168701171873,56.33229065758568,-1.1650670583739497,-1.3379423413790417
2024-09-16,310.0732727050781,314.31464838782415,309.79773194256876,312.523618415668,124734,312.6834518432617,316.4080383300781,62.84604402194172,-1.3252725370062421,-1.3354083805044819
2024-09-17,310.0732727050781,310.0732727050781,310.0732727050781,310.0732727050781,0,312.2222366333008,316.3278338623047,57.5524793941419,-1.4356868289602858,-1.3554640701956426
2024-09-18,310.7227783203125,313.03536874170305,308.7546213713319,312.8385410341283,327095,311.78629302978516,316.26061950683595,37.552175748848136,-1.454020235641167,-1.3751753032847476
2024-09-19,313.8423156738281,317.85734257664154,310.7719656520399,312.44491104669873,990994,311.7094161987305,316.29286010742186,44.16283500937201,-1.202962002012157,-1.3407326430302295
2024-09-20,315.81048583984375,317.85735590852977,312.8483999408951,314.413081154103,1870674,311.89514923095703,316.34910095214843,58.08402598721196,-0.8355499595493256,-1.2396961063340488
2024-09-23,315.2003173828125,316.87326277036357,310.0831274316226,315.88918431455494,626961,312.32212219238284,316.3917938232422,57.250928481589746,-0.5868439916900456,-1.1091256834052483
2024-09-24,312.2776184082031,316.8634278398801,310.96880721204656,313.08456998895457,586709,312.96448669433596,316.2118328857422,44.62412428535794,-0.6184509836017469,-1.010990743444548
2024-09-25,311.9627380371094,314.00960812377997,308.01657360222356,312.9369661517798,760724,313.33280487060546,316.0255743408203,38.4278673096802,-0.6612850839775888,-0.9410496115511562
2024-09-26,309.3844299316406,315.3479427745953,308.9219118713994,313.92101704806436,430917,312.95909576416017,315.7877496337891,38.02701110929916,-0.8929855518425143,-0.9314367996094279
2024-09-27,304.25738525390625,313.429004136722,302.13177207730774,313.429004136722,453855,312.3189529418945,315.1769812011719,34.86062274366,-1.4733358009366384,-1.03981659987487
2024-09-30,298.8843078613281,306.04839777189125,297.95927171633116,305.0741697170993,386413,311.6694595336914,314.6106610107422,23.741419074458193,-2.339857573840675,-1.299824794668031
2024-10-01,299.28778076171875,300.14392419944664,297.29992309264037,297.29992309264037,2552323,311.05293426513674,314.2707678222656,26.56843796452368,-2.95990548279309,-1.6318409322930427
2024-10-02,303.79486083984375,305.0643304949708,297.20155300622577,299.1598595821649,544603,310.49791412353517,313.9662817382812,35.221363827705986,-3.05242773590777,-1.9159582930159882
2024-10-03,306.8454895019531,309.2466432474438,304.1983161516514,305.940154173995,308926,309.9827484130859,313.67095642089845,41.42856747305204,-2.8467761864030194,-2.1021218716933943
2024-10-04,308.4200439453125,309.49268589835907,306.04841117453,307.5245289133139,552022,309.6634155273438,313.4937347412109,47.43280501108425,-2.5276058010085194,-2.187218657556419
2024-10-07,317.41448974609375,319.7270800932569,305.06431730032153,309.9650387573935,1863494,309.94732055664065,313.50638916015623,58.91063399788566,-1.5312332608107795,-2.0560215782072913
2024-10-08,320.4750061035156,322.2857069294843,318.8414321989402,319.8255106933814,670233,310.2878128051758,313.61885498046877,61.18257181550004,-0.4890057975474065,-1.7426184220753143
2024-10-09,320.4750061035156,320.4750061035156,320.4750061035156,320.4750061035156,0,310.72228546142577,313.6931036376953,58.191531221591205,0.3331268964344076,-1.3274693583733699
2024-10-10,316.7453308105469,319.82550121190445,314.9051088855675,317.8573442813697,1244761,310.9230361938477,313.65626953125,51.10641571584913,0.6759276800700604,-0.9267899506846838
2024-10-11,315.6235046386719,318.5757401061423,315.2987419195025,317.6998958355805,107190,311.0785217285156,313.6154357910156,50.494860827306525,0.8473105061870001,-0.571969859310347
2024-10-14,312.080810546875,317.85734637089774,311.06721092225405,315.8891894274247,2595359,311.1788986206055,313.4774377441406,49.77314890704135,0.6893207642697803,-0.31971173459432156
2024-10-15,308.8431701660156,313.9210184570867,308.18385443715954,311.8544477524418,519912,311.11739349365234,313.3267315673828,46.63120637494315,0.2994108134197404,-0.19588722499150918
2024-10-16,307.0915222167969,310.91960184629187,305.85157374547396,309.0006368341675,235796,310.9358306884766,313.0751202392578,47.47889741776066,-0.14921887978698578,-0.1865535559506045
2024-10-17,305.1332092285156,308.01655185133933,304.9167107703557,307.9083176381047,207276,310.50037536621096,312.74055541992186,51.035116561071476,-0.6552275800278835,-0.28028836076606034
2024-10-18,303.26348876953125,306.9340824052115,302.653334864438,304.5722999787584,229598,309.87302551269534,312.39721130371095,55.64295213968702,-1.1933576515313575,-0.4629022189191198
2024-10-21,305.71380615234375,307.53435723920325,303.36184430878313,303.36184430878313,136629,309.39869995117186,312.0587030029297,57.865573138534316,-1.4059030997893842,-0.6515023950931726
2024-10-22,310.3193054199219,311.9528793065288,305.1037014694296,307.00296573520393,329486,309.3007843017578,311.8983422851563,57.96684521232077,-1.1890153686771896,-0.7590049898099761
2024-10-23,307.2981872558594,311.95288944606983,306.0484183524534,310.9688109304671,299951,309.0675567626953,311.6675726318359,50.553177207637226,-1.246539930110771,-0.8565119778701351
2024-10-24,310.9983215332031,314.10801314080624,307.672131458245,308.97112226237516,305102,309.14825134277345,311.4906402587891,52.9949640221461,-0.9822360409602311,-0.8816567904881544
2024-10-25,311.8446350097656,319.16615106208764,309.0104842634779,311.91349767730725,673737,309.5276138305664,311.3406207275391,42.01921723061639,-0.6964545850514128,-0.8446163494008061
2024-10-28,310.3193054199219,318.3493894500381,308.5184550088476,311.9528793065288,1004377,310.09936370849607,311.16143920898435,34.778730784852556,-0.586293644312093,-0.7929518083830636
2024-10-29,308.6463928222656,310.466914008151,305.5563719404096,309.33522974804345,3009489,310.5672943115234,310.94841552734374,33.117966908427604,-0.6267555230979269,-0.7597125513260363
2024-10-30,305.5957336425781,311.90368018045734,304.8379740074378,309.4926759386877,944997,310.65733795166017,310.6714971923828,33.77255009256331,-0.8946713396362611,-0.7867043089880813
2024-10-31,294.6134033203125,306.9832763150001,293.0585425929726,305.56620098220253,1940669,310.0457336425781,310.2561682128906,26.240781322796053,-1.9704645396731735,-1.0234563551251
2024-11-01,299.7306213378906,301.12802604524813,293.25539791334626,295.2235549463217,702276,309.611262512207,310.0088641357422,36.51406707059829,-2.3826558996710787,-1.2952962640342958
2024-11-04,306.8454895019531,308.01654522338873,300.14391786943634,301.52162165004,1550344,309.0828125,310.01255676269534,47.98890054981112,-2.1108772438504957,-1.4584124599975357
2024-11-05,308.7841491699219,311.21482425549334,306.04841215322824,310.96880463157595,628513,308.49826965332034,310.19963317871094,51.69760454849302,-1.7192387537388072,-1.51057771874579
2024-11-06,309.0400085449219,310.96879392112874,307.03248007402584,309.00063699757726,686136,307.9265197753906,310.288505859375,54.05682560004056,-1.372396581956309,-1.482941491387894
2024-11-07,323.2099914550781,326.0,309.0,309.0,3360384,308.2497528076172,310.4155334472656,66.49801980447936,0.04535471448923545,-1.1772822502124682
2024-11-08,324.9200134277344,332.3900146484375,323.2300109863281,324.0,974831,308.71457824707034,310.5727288818359,66.08266248664142,1.2920236686172757,-0.6834210664465195
2024-11-11,321.6300048828125,330.0,320.0,325.1499938964844,526436,309.19203796386716,310.76784545898437,59.684578163272455,1.9915838636398462,-0.14842008042924626
2024-11-12,314.989990234375,321.6300048828125,314.0,321.0,638317,309.49937896728517,310.8352795410156,56.201635266241325,1.9872884448945456,0.27872162463551214
2024-11-13,319.92999267578125,323.5199890136719,316.0,318.25,2042978,310.14130249023435,310.93597412109375,57.060142914142,2.3553501953927025,0.6940473387869502
2024-11-14,320.4599914550781,326.7699890136719,320.0,320.010009765625,851419,310.9076416015625,311.00219787597655,56.844334709758,2.6591551709645955,1.0870689052224793
2024-11-15,320.95001220703125,323.0,320.0,323.0,311115,311.7919677734375,311.12506408691405,58.586645882047286,2.9059652241073195,1.4508481689994475
2024-11-18,322.7200012207031,324.5,320.0,322.0,408822,312.6422775268555,311.344736328125,61.349751231046994,3.2074142158469954,1.8021613783689572
2024-11-19,320.44000244140625,323.0,320.0,323.0,2166313,313.1483123779297,311.48023315429685,62.12193180555146,3.225160227370395,2.086761148169245
2024-11-20,320.0400085449219,322.3999938964844,317.0,321.1000061035156,745569,313.7854034423828,311.645322265625,75.10196801738262,3.1704014899284516,2.3034892165210863
2024-11-21,333.239990234375,344.739990234375,318.5,320.04998779296875,3335376,314.8974868774414,312.05551574707033,78.5286147434715,4.144359406020897,2.6716632544210484
2024-11-22,337.760009765625,344.5,328.1499938964844,334.0,3619712,316.19325561523436,312.56044006347656,77.53608888033546,5.220774039001867,3.181485411337212
2024-11-25,332.7099914550781,339.79998779296875,330.0,337.760009765625,948333,317.3127899169922,313.01317443847654,70.19197783008906,5.601772372957612,3.6655428036612925
2024-11-26,319.20001220703125,332.7099914550781,315.0,330.510009765625,1015101,317.8404708862305,313.1957092285156,57.00689612788923,4.758718337062135,3.884177910341461
2024-11-27,324.29998779296875,329.70001220703125,320.8999938964844,325.0,1261440,318.77568359375,313.4672534179688,50.8592116816416,4.450811166653978,3.997504561603965
2024-11-28,327.2300109863281,331.989990234375,323.6600036621094,325.510009765625,895631,320.4065139770508,313.73500732421877,51.78654036060294,4.392585904218663,4.0765208301269045
2024-11-29,335.8800048828125,338.0,324.5,329.3699951171875,1465597,322.2139831542969,314.13639770507814,60.17711613503928,4.986937865230004,4.258604237147525
2024-12-02,358.0899963378906,369.0,333.0,339.0,3072536,324.7762084960938,314.9941912841797,75.18112460038833,7.167504242892051,4.84038423829643
2024-12-03,380.07000732421875,390.9599914550781,360.010009765625,362.489990234375,3237133,328.3405014038086,316.3500390625,79.30228878872985,10.547635423811414,5.9818344753994275
2024-12-04,377.80999755859375,383.0,370.1400146484375,381.010009765625,1090966,331.7790008544922,317.6669842529297,77.47963715815416,12.895399696233255,7.364547519566194
2024-12-05,373.29998779296875,379.989990234375,371.0,378.0,1799473,334.2835006713867,318.94529541015623,74.15335330103507,14.228087168294678,8.73725544931189
2024-12-06,407.5400085449219,410.0,380.0,380.0,5622094,338.4145004272461,321.01094787597657,80.11218089700515,17.84146975290554,10.55809831003062
2024-12-09,418.4200134277344,429.44000244140625,406.0,408.0,3521896,343.2540008544922,323.4016619873047,82.78238402597914,21.337066529187894,12.713891953862074
2024-12-10,410.20001220703125,433.9800109863281,395.0,422.0,3177358,348.014501953125,325.6199066162109,78.66589742052207,23.176897905772535,14.806493144244168
2024-12-11,418.2300109863281,426.5,413.30999755859375,415.010009765625,1298734,352.9295028686523,327.90860961914063,77.94068929288697,24.994806745538995,16.844155864503133
2024-12-12,439.1700134277344,447.45001220703125,418.0,419.0,3271966,358.86500396728513,330.55510009765624,80.09019625527257,27.804680740732636,19.036260839749033
2024-12-13,431.3699951171875,444.510009765625,425.010009765625,444.510009765625,1298995,364.386003112793,333.01409912109375,78.804151715415,29.067062829108693,21.042421237620967
2024-12-16,425.8800048828125,434.0,424.010009765625,432.0,995329,369.54400329589845,335.18340942382815,82.67580224525851,29.286912106671366,22.691319411431046
2024-12-17,422.1099853515625,435.0,411.010009765625,426.0,1736942,374.62750244140625,337.2161090087891,80.20503367279431,28.824662408745553,23.917988010893946
2024-12-18,409.0299987792969,433.0,405.25,423.010009765625,1551187,379.077001953125,338.98720886230467,73.7707659934332,27.09059705094495,24.55250981890415
2024-12-19,387.8900146484375,409.04998779296875,385.0,405.0,1950867,381.80950317382815,340.4101025390625,64.09103115818272,23.73689358295917,24.389386571715157
2024-12-20,396.05999755859375,399.8999938964844,385.0,386.0,858656,384.72450256347656,342.0188323974609,61.13424205332369,21.490578749501765,23.80962500727248
2024-12-23,435.6700134277344,435.6700134277344,405.0199890136719,408.989990234375,3890190,389.87250366210935,344.4906164550781,64.77622854147131,22.64551194077569,23.57680239397312
2024-12-24,427.8900146484375,446.739990234375,425.0199890136719,440.0,2593690,395.3070037841797,346.8715533447266,62.92987923449838,22.671678932276848,23.395777701633868
2024-12-26,425.7200012207031,434.9800109863281,422.0,431.0,921301,400.3780044555664,349.2441229248047,63.69956174456767,22.260706940701823,23.168763549447462
2024-12-27,425.6600036621094,438.0,421.04998779296875,424.5,1468616,405.2995040893555,351.65465881347654,55.76555728269676,21.68025093760616,22.8710610270792
2024-12-30,451.8999938964844,459.0,426.0,430.0,2569139,411.1005035400391,354.6273889160156,59.70434216485507,23.071627923249366,22.911174406313233
2024-12-31,445.2799987792969,461.0,443.0,460.1099853515625,1374271,415.4600036621094,357.4187127685547,60.26330831629926,23.370722783869383,23.00308408182446
2025-01-01,445.2799987792969,445.2799987792969,445.2799987792969,445.2799987792969,0,418.72050323486326,360.1179266357422,58.30416547059692,23.33872334094923,23.070211933649418
2025-01-02,478.29998779296875,484.0,451.510009765625,452.0,3602326,423.74500274658203,363.5379626464844,61.18318904276666,25.681757392846635,23.592521025488864
2025-01-03,485.3800048828125,496.0,474.010009765625,481.989990234375,4496408,429.34900360107423,367.02559631347657,65.49963146994449,27.789585920527657,24.431934004496622
2025-01-06,485.3800048828125,485.3800048828125,485.3800048828125,485.3800048828125,0,433.2410034179687,370.4963037109375,67.6306754306896,29.12432808984437,25.370412821566173
2025-01-07,485.3800048828125,485.3800048828125,485.3800048828125,485.3800048828125,0,436.58900299072263,373.9975177001953,69.17622318219017,29.838165081874877,26.263963273627915
2025-01-08,485.3800048828125,485.3800048828125,485.3800048828125,485.3800048828125,0,440.3480026245117,377.5321899414063,75.13332480097469,30.057403009170912,27.022651220736517
2025-01-09,485.3800048828125,485.3800048828125,485.3800048828125,485.3800048828125,0,443.70550231933595,381.12787536621096,87.28106701123328,29.886636108799678,27.59544819834915
2025-01-10,485.3800048828125,485.3800048828125,485.3800048828125,485.3800048828125,0,446.01600189208983,384.9432073974609,86.4333475572746,29.412255932055245,27.95880974509037
2025-01-13,485.3800048828125,485.3800048828125,485.3800048828125,485.3800048828125,0,448.7165023803711,388.65619506835935,79.9566052330455,28.705408147630976,28.108129425598495
