ticker,headline,published_at,url,scraped_at
NVDA,Inflation Stays Stubbornly High in August. Here's How Likely a Fed Rate Hike Is Next Week,"Fri, 11 Sep 2026 20:11:06 +0000",https://www.fool.com/investing/2026/09/11/inflation-stays-stubbornly-high-in-august-here-s-how-likely-a-fed-rate-hike-is-next-week/?.tsrc=rss,2026-09-12 01:45:42
NVDA,Palantir Stock Gets Jaw-Dropping Price Target Hike on AI Demand,"Fri, 11 Sep 2026 20:11:22 +0000",https://finance.yahoo.com/technology/ai/articles/palantir-stock-gets-jaw-dropping-201122928.html?.tsrc=rss,2026-09-12 01:45:42
NVDA,SpaceX signs $1.1 billion-per month computing deal,"Fri, 11 Sep 2026 19:50:52 +0000",https://finance.yahoo.com/video/spacex-signs-1-1-billion-195052486.html?.tsrc=rss,2026-09-12 01:45:42
NVDA,Michael Burry Likes Lululemon Stock. But the Math Only Works If Sales Stop Shrinking.,"Fri, 11 Sep 2026 18:58:01 +0000",https://www.fool.com/investing/2026/09/11/michael-burry-likes-lululemon-stock-but-the-math-only-works-if-sales-stop-shrinking/?.tsrc=rss,2026-09-12 01:45:42
NVDA,Joby Aviation Is Preparing For Commercial Flights in Dubai. Here's Why I'm Still Not Buying.,"Fri, 11 Sep 2026 18:50:00 +0000",https://www.fool.com/investing/2026/09/11/joby-aviation-is-preparing-for-commercial-flights/?.tsrc=rss,2026-09-12 01:45:42
NVDA,Why NuScale Power Stock Just Crashed,"Fri, 11 Sep 2026 18:30:42 +0000",https://www.fool.com/investing/2026/09/11/why-nuscale-power-stock-just-crashed/?.tsrc=rss,2026-09-12 01:45:42
NVDA,"What a $10,000 Investment in Walmart Could Be Worth by September 2027","Fri, 11 Sep 2026 18:11:00 +0000",https://www.fool.com/investing/2026/09/11/what-a-10000-investment-in-walmart-could-be-worth/?.tsrc=rss,2026-09-12 01:45:42
NVDA,Dell stock hits all-time high on RBC Capital outperform rating,"Fri, 11 Sep 2026 18:04:15 +0000",https://qz.com/dell-stock-all-time-high-rbc-capital-outperform-091126?.tsrc=rss,2026-09-12 01:45:42
NVDA,1 Thing I Wish I'd Known About the Stock Market When I First Started Investing,"Fri, 11 Sep 2026 18:01:00 +0000",https://www.fool.com/investing/2026/09/11/1-thing-i-wish-id-known-about-stock-market-early/?.tsrc=rss,2026-09-12 01:45:42
NVDA,CoreWeave Is My Top IPO Pick Right Now: Over 75% of Its Revenue Is Locked In Through Contracts,"Fri, 11 Sep 2026 17:50:00 +0000",https://www.fool.com/investing/2026/09/11/coreweave-is-my-top-ipo-pick-right-now-x-of-its-re/?.tsrc=rss,2026-09-12 01:45:42
NVDA,Kimberly Clark is Down 20% From Its 52-Week High. Is the Dip Worth Buying?,"Fri, 11 Sep 2026 19:35:00 +0000",https://www.fool.com/investing/2026/09/11/kimberly-clark-is-down-20-from-its-52-week-high-is/?.tsrc=rss,2026-09-12 01:45:42
NVDA,Five Warning Signs the AI Stock Bubble Is in Its Final Stages,"Fri, 11 Sep 2026 19:27:00 +0000",https://finance.yahoo.com/m/e437ecfc-9279-3fdb-8900-1378f8955197/five-warning-signs-the-ai.html?.tsrc=rss,2026-09-12 01:45:42
NVDA,Is SpaceX a Buy or a Trap for Retail Investors?,"Fri, 11 Sep 2026 19:26:00 +0000",https://www.fool.com/investing/2026/09/11/is-spacex-a-buy-or-a-trap-for-retail-investors/?.tsrc=rss,2026-09-12 01:45:42
NVDA,Why Alphabet Stock Just Popped,"Fri, 11 Sep 2026 19:13:01 +0000",https://www.fool.com/investing/2026/09/11/why-alphabet-stock-just-popped/?.tsrc=rss,2026-09-12 01:45:42
NVDA,Palantir Puts Its Momentum on Display. Can It Move the Stock?,"Fri, 11 Sep 2026 18:37:00 +0000",https://finance.yahoo.com/m/c211d6af-692f-33f4-858e-e6eaf351c214/palantir-puts-its-momentum-on.html?.tsrc=rss,2026-09-12 01:45:42
NVDA,I Almost Didn't Buy This 6%+ Yielder Because of Industry Headwinds. Here's Why I'm Glad I Bought It Anyway.,"Fri, 11 Sep 2026 18:25:00 +0000",https://www.fool.com/investing/2026/09/11/i-almost-didnt-buy-this-6-yielder-because-of-indus/?.tsrc=rss,2026-09-12 01:45:42
NVDA,Options Greeks explained: A trader's guide to all five,"Fri, 11 Sep 2026 18:13:41 +0000",https://finance.yahoo.com/personal-finance/investing/article/options-greeks-181341422.html?.tsrc=rss,2026-09-12 01:45:42
NVDA,Should Qualcomm Stockholders Worry About Its Shrinking Revenue?,"Fri, 11 Sep 2026 17:52:26 +0000",https://www.trefis.com/articles/615044/should-qualcomm-stockholders-worry-about-its-shrinking-revenue/2026-09-11?.tsrc=rss,2026-09-12 01:45:42
